Name,Company Type,Related Company,Email,Phone,Street,Street2,City,State,Zip,Country,Tax ID,Website,Tags,Reference,Notes
Carlos Roberto Méndez,person,,carlos.mendez@gmail.com,+502 4123-5501,7ma Avenida 12-34 Zona 1,Apto 3B,Ciudad de Guatemala,Guatemala,01001,Guatemala,1234567-8,https://carlosmendez.com,Cliente Frecuente,REF-CLI-001,Cliente con entrega a domicilio regular
María Fernanda Morales,person,,mf.morales@yahoo.com,+502 5544-3322,Boulevard Los Próceres 18-90 Zona 10,,Ciudad de Guatemala,Guatemala,01010,Guatemala,8765432-1,,VIP,REF-CLI-002,Prefiere compras los fines de semana
Restaurante El Quetzal S.A.,company,,compras@restelquetzal.gt,+502 2333-8899,6ta Calle Poniente #15,Local 2,Antigua Guatemala,Sacatepéquez,03001,Guatemala,9988776-5,https://restauranteelquetzal.gt,"Corporativo, Mayorista",REF-CLI-003,Facturación con crédito 15 días
Juan José Morales Estrada,person,,jj.morales@hotmail.com,+502 5201-9988,12 Calle 4-55 Zona 14,,Ciudad de Guatemala,Guatemala,01014,Guatemala,1122334-4,,Minorista,REF-CLI-004,Cliente online frecuente
Distribuidora Chapina Express,company,,ventas@chapinaexpress.gt,+502 2450-1122,Calzada Roosevelt 34-01 Zona 11,Km 14,Mixco,Guatemala,01057,Guatemala,5544332-9,https://chapinaexpress.gt,Mayorista,REF-CLI-005,Pedidos quincenales
Ana Lucía De León,person,,analucia.deleon@outlook.com,+502 4099-8811,5ta Avenida 8-40 Zona 9,Oficina 402,Ciudad de Guatemala,Guatemala,01009,Guatemala,6677889-0,,Cliente Frecuente,REF-CLI-006,Pagos por tarjeta de crédito
Supermercados del Norte S.A.,company,,adquisiciones@supernorte.com.mx,+52 55 5589-3200,Av. Paseo de la Reforma 250,Piso 8,Ciudad de México,CDMX,06600,Mexico,SNO890412AA1,https://supernorte.com.mx,"Corporativo, Internacional",REF-CLI-007,Sucursal México compras corporativas
Pedro Alfonso Ramírez,person,,pedro.ramirez.mx@gmail.com,+52 55 4321-9870,Calle Insurgentes Sur 1450,Depto 204,Ciudad de México,CDMX,03920,Mexico,RAMP850614M1,,Minorista,REF-CLI-008,Cliente de sucursal CDMX
Comercializadora San Salvador,company,,gerencia@comercializasv.com,+503 2288-9900,Calle El Mirador y 89 Av. Norte,Edificio Torre Futura,San Salvador,San Salvador,1101,El Salvador,0614-290590-102-1,https://comercializasv.com,"Mayorista, Internacional",REF-CLI-009,Cliente de expansión en El Salvador
Sofía Patricia Guardado,person,,sofia.guardado@svmail.com,+503 7744-1122,"Colonia Escalón, Paseo General Escalón",#3450,San Salvador,San Salvador,1101,El Salvador,0511-120988-101-4,,VIP,REF-CLI-010,Cliente sucursal El Salvador
Marvin Gabriel Soto,person,,marvin.soto@gmail.com,+502 4588-1234,Diagonal 6 10-01 Zona 10,Nivel 3,Ciudad de Guatemala,Guatemala,01010,Guatemala,3344556-7,,Cliente Frecuente,REF-CLI-011,Comprador habitual de abarrotes
Cafetería Luna Llena,company,,administracion@lunallena.gt,+502 7832-4455,4ta Calle Oriente #8,,Antigua Guatemala,Sacatepéquez,03001,Guatemala,7788990-1,,Pyme,REF-CLI-012,Compra café e insumos de pastelería
Elena Beatriz Cifuentes,person,,elena.cifuentes@gmail.com,+502 5901-2233,20 Calle 10-20 Zona 10,,Ciudad de Guatemala,Guatemala,01010,Guatemala,4455667-8,,Minorista,REF-CLI-013,Compras para el hogar
Hotel y Centro de Convenciones Real,company,,compras@hotelreal.gt,+502 2411-9000,14 Calle 3-40 Zona 1,,Ciudad de Guatemala,Guatemala,01001,Guatemala,2233445-5,https://hotelreal.gt,Corporativo,REF-CLI-014,Pedidos de bebidas en gran escala
Jorge Luis Alvarado,person,,jorge.alvarado@hotmail.com,+502 4433-2211,Calzada San Juan 15-40 Zona 7,,Ciudad de Guatemala,Guatemala,01007,Guatemala,8899001-2,,Minorista,REF-CLI-015,Cliente particular
Tiendas de Conveniencia Express,company,,operaciones@convenienciaexpress.com,+502 2399-5566,Avenida Las Américas 18-00 Zona 13,,Ciudad de Guatemala,Guatemala,01013,Guatemala,9900112-3,,Mayorista,REF-CLI-016,Surtido semanal
Patricia Eugenia Rivera,person,,patricia.rivera@gmail.com,+502 5677-8899,Km 18.5 Carretera a El Salvador,Condominio La Fuente,Fraijanes,Guatemala,01062,Guatemala,1029384-5,,VIP,REF-CLI-017,Cliente residencial
Bebidas y Más del Pacífico,company,,contacto@bebidaspacifico.gt,+502 7766-5544,Avenida Centroamérica 4-50,,Escuintla,Escuintla,05001,Guatemala,2039485-6,,Mayorista,REF-CLI-018,Distribuidor regional sur
Rodrigo Esteban Fuentes,person,,rodrigo.fuentes@yahoo.com,+502 4112-3344,3ra Calle 7-22 Zona 2,,Quetzaltenango,Quetzaltenango,09001,Guatemala,3049586-7,,Minorista,REF-CLI-019,Envío al occidente
Comedores Populares El Éxito,company,,comedor.exito@gmail.com,+502 5566-7788,11 Avenida 4-12 Zona 1,,Ciudad de Guatemala,Guatemala,01001,Guatemala,4059687-8,,Pyme,REF-CLI-020,Granos básicos y aceite
Valeria Denise Aguilar,person,,valeria.aguilar@gmail.com,+502 5022-3344,Boulevard Vista Hermosa 23-45 Zona 15,,Ciudad de Guatemala,Guatemala,01015,Guatemala,5069788-9,,Minorista,REF-CLI-021,Compra semanal de despensa
Industrias Alimenticias Maya,company,,abastecimiento@alamaya.gt,+502 2422-3300,Calzada Atanasio Tzul 22-00 Zona 12,,Ciudad de Guatemala,Guatemala,01012,Guatemala,6079889-0,https://alamaya.gt,Corporativo,REF-CLI-022,Insumos y conservas
Diego Fernando Castillo,person,,diego.castillo@outlook.com,+502 4344-5566,15 Avenida 8-30 Zona 11,,Ciudad de Guatemala,Guatemala,01011,Guatemala,7089990-1,,Minorista,REF-CLI-023,Cliente habitual
Mini Súper Los Ángeles,company,,losangelesminisuper@gmail.com,+502 7888-1122,Calle Real 5-60,,San Lucas Sacatepéquez,Sacatepéquez,03008,Guatemala,8090001-2,,Pyme,REF-CLI-024,Compras mayoristas quincenales
Gabriela Nicole Salazar,person,,gabriela.salazar@gmail.com,+502 5455-6677,9na Calle 2-15 Zona 1,,Ciudad de Guatemala,Guatemala,01001,Guatemala,9101112-3,,Minorista,REF-CLI-025,Entrega centro histórico
Corporación Gastronómica Azteca,company,,adquisiciones@gastronomicaazteca.mx,+52 55 5678-1234,Av. División del Norte 1200,,Ciudad de México,CDMX,03300,Mexico,CGA990215AB2,https://gastronomicaazteca.mx,"Corporativo, Internacional",REF-CLI-026,Consumo para red de restaurantes
Héctor Manuel Villatoro,person,,hector.villatoro@gmail.com,+502 4899-0011,Boulevard San Cristóbal 14-80 Zona 8,,Mixco,Guatemala,01057,Guatemala,1213141-5,,Cliente Frecuente,REF-CLI-027,Recoge en tienda
Panadería y Pastelería La Estrella,company,,compras@panlaestrella.gt,+502 2255-6677,8va Avenida 15-44 Zona 6,,Ciudad de Guatemala,Guatemala,01006,Guatemala,2324252-6,,Pyme,REF-CLI-028,Harinas y lácteos
Lucía Mariana Pineda,person,,lucia.pineda@yahoo.com,+502 5122-4466,2da Calle 1-50 Zona 3,,Chimaltenango,Chimaltenango,04001,Guatemala,3435363-7,,Minorista,REF-CLI-029,Cliente regional
Inversiones Cuscatlecas S.A.,company,,contacto@inversionescuscatlecas.sv,+503 2500-8800,Boulevard de Los Héroes #12,,San Salvador,San Salvador,1101,El Salvador,0614-101099-103-2,,"Mayorista, Internacional",REF-CLI-030,Cadena comercial El Salvador
Guillermo Andrés Portillo,person,,guillermo.portillo@svnet.com,+503 7112-3344,"Colonia San Benito, Calle La Mascota",#501,San Salvador,San Salvador,1101,El Salvador,0511-040485-102-3,,VIP,REF-CLI-031,Cliente residencial San Salvador
Claudia Marcela Santos,person,,claudia.santos@gmail.com,+502 4233-5577,10ma Avenida 14-22 Zona 14,,Ciudad de Guatemala,Guatemala,01014,Guatemala,4546474-8,,Minorista,REF-CLI-032,Compras quincenales
Servicios de Banquetes Delicias,company,,eventos@banquetesdelicias.gt,+502 2366-7788,Avenida Reforma 8-60 Zona 9,Oficina 301,Ciudad de Guatemala,Guatemala,01009,Guatemala,5657585-9,,Corporativo,REF-CLI-033,Bebidas y canapés
Óscar René Hernández,person,,oscar.hernandez@hotmail.com,+502 5344-6688,1ra Avenida 9-33 Zona 2,,Ciudad de Guatemala,Guatemala,01002,Guatemala,6768696-0,,Minorista,REF-CLI-034,Cliente web
Tienda de Abarrotes San Judas,company,,sanjudas.tienda@gmail.com,+502 5899-4411,Calle Real 10-20,,Villa Nueva,Guatemala,01064,Guatemala,7879808-1,,Pyme,REF-CLI-035,Cliente de abarrotes
