id_cliente,edad,id_genero
504308,18,1
504309,46,1
504310,38,0
504311,44,1
504312,41,0
504313,24,1
504314,18,1
504315,27,0
504316,43,0
504317,44,0
504318,20,1
504319,24,0
504320,27,0
504321,32,1
504322,20,0
504323,19,1
504324,26,1
504325,37,0
504326,22,0
504327,35,1
504328,49,1
504329,20,0
504330,34,1
504331,48,0
504332,31,0
504333,29,1
504334,50,0
504335,32,0
504336,49,1
504337,41,0
504338,32,0
504339,42,0
504340,40,1
504341,48,1
504342,29,1
504343,36,0
504344,35,1
504345,44,1
504346,24,0
504347,48,0
504348,42,1
504349,20,0
504350,50,1
504351,63,1
504352,48,0
504353,53,1
504354,37,1
504355,18,0
504356,18,1
504357,39,0
504358,29,1
504359,25,0
504360,35,0
504361,43,0
504362,19,0
504363,31,0
504364,54,0
504365,23,1
504366,46,0
504367,30,0
504368,43,0
504369,49,1
504370,45,0
504371,47,1
504372,22,1
504373,49,0
504374,26,1
504375,39,0
504376,39,1
504377,42,0
504378,40,1
504379,26,1
504380,20,0
504381,46,0
504382,38,0
504383,50,0
504384,35,1
504385,19,1
504386,48,1
504387,32,1
504388,40,1
504389,28,1
504390,56,0
504391,25,0
504392,32,0
504393,37,0
504394,23,0
504395,40,0
504396,55,0
504397,30,0
504398,41,0
504399,18,0
504400,36,0
504401,32,0
504402,26,1
504403,49,1
504404,32,0
504405,34,0
504406,31,0
504407,18,0
504408,22,0
504409,48,1
504410,18,0
504411,27,0
504412,31,1
504413,57,0
504414,45,0
504415,29,0
504416,52,1
504417,27,0
504418,48,1
504419,20,1
504420,49,0
504421,31,1
504422,24,0
504423,33,0
504424,39,0
504425,30,1
504426,43,0
504427,29,0
504428,43,1
504429,41,0
504430,35,1
504431,31,1
504432,38,1
504433,43,1
504434,61,1
504435,47,0
504436,48,1
504437,73,1
504438,42,1
504439,42,1
504440,44,1
504441,24,1
504442,31,0
504443,30,0
504444,44,1
504445,34,1
504446,38,0
504447,49,0
504448,46,1
504449,34,0
504450,28,1
504451,50,1
504452,45,0
504453,18,0
504454,32,1
504455,38,0
504456,45,1
504457,47,0
504458,39,0
504459,43,0
504460,37,1
504461,28,1
504462,33,1
504463,36,0
504464,36,1
504465,18,0
504466,31,1
504467,37,1
504468,33,0
504469,33,1
504470,42,0
504471,23,0
504472,18,1
504473,32,1
504474,45,0
504475,56,1
504476,45,0
504477,18,1
504478,33,1
504479,39,0
504480,38,1
504481,42,1
504482,25,0
504483,37,0
504484,41,0
504485,46,1
504486,26,1
504487,32,1
504488,18,1
504489,29,1
504490,30,0
504491,24,0
504492,38,1
504493,35,0
504494,18,0
504495,39,1
504496,25,1
504497,42,1
504498,21,0
504499,36,1
504500,33,0
504501,40,0
504502,37,1
504503,33,1
504504,18,1
504505,18,1
504506,29,1
504507,36,0
504508,29,0
504509,44,1
504510,33,1
504511,24,0
504512,33,0
504513,39,0
504514,40,0
504515,59,1
504516,28,0
504517,35,0
504518,41,1
504519,36,1
504520,30,0
504521,18,0
504522,30,0
504523,23,0
504524,18,0
504525,26,0
504526,23,0
504527,43,0
504528,43,0
504529,25,1
504530,33,0
504531,18,0
504532,30,1
504533,41,0
504534,46,0
504535,27,1
504536,49,1
504537,18,0
504538,21,1
504539,45,1
504540,56,0
504541,42,0
504542,36,0
504543,18,1
504544,18,0
504545,38,0
504546,32,0
504547,23,1
504548,37,0
504549,37,0
504550,47,0
504551,38,1
504552,51,0
504553,36,1
504554,35,0
504555,49,0
504556,24,0
504557,70,0
504558,41,0
504559,41,1
504560,42,0
504561,59,1
504562,46,0
504563,18,1
504564,53,0
504565,32,1
504566,37,0
504567,21,1
504568,42,1
504569,28,1
504570,37,1
504571,33,0
504572,59,0
504573,60,0
504574,37,1
504575,37,0
504576,32,0
504577,49,1
504578,32,0
504579,31,1
504580,48,0
504581,30,1
504582,36,1
504583,18,1
504584,44,0
504585,59,0
504586,45,0
504587,54,0
504588,26,1
504589,39,0
504590,25,0
504591,33,0
504592,45,1
504593,37,0
504594,19,0
504595,20,0
504596,19,0
504597,42,1
504598,61,0
504599,52,1
504600,18,1
504601,53,1
504602,47,1
504603,18,1
504604,32,0
504605,49,0
504606,43,1
504607,20,1
504608,43,0
504609,18,0
504610,33,0
504611,50,0
504612,36,0
504613,30,0
504614,47,0
504615,48,1
504616,52,1
504617,46,1
504618,49,1
504619,45,0
504620,39,0
504621,37,1
504622,33,1
504623,21,1
504624,25,1
504625,33,1
504626,39,1
504627,53,1
504628,35,1
504629,48,0
504630,49,0
504631,33,0
504632,43,1
504633,33,1
504634,52,0
504635,44,0
504636,22,1
504637,38,0
504638,56,1
504639,34,0
504640,41,0
504641,43,0
504642,24,0
504643,42,0
504644,19,0
504645,28,0
504646,49,0
504647,40,1
504648,32,0
504649,41,0
504650,35,0
504651,36,1
504652,44,1
504653,27,1
504654,36,1
504655,32,0
504656,18,1
504657,25,0
504658,55,1
504659,41,0
504660,20,0
504661,18,1
504662,35,1
504663,55,1
504664,34,0
504665,52,0
504666,40,0
504667,42,0
504668,20,0
504669,47,0
504670,32,1
504671,46,0
504672,26,1
504673,38,1
504674,40,1
504675,34,0
504676,41,0
504677,33,0
504678,28,1
504679,55,0
504680,49,0
504681,27,1
504682,43,1
504683,27,1
504684,22,0
504685,48,1
504686,18,0
504687,47,0
504688,33,1
504689,33,1
504690,41,0
504691,43,0
504692,26,0
504693,45,1
504694,37,1
504695,21,0
504696,34,0
504697,53,1
504698,56,1
504699,45,0
504700,22,1
504701,42,1
504702,46,0
504703,45,1
504704,45,1
504705,40,1
504706,35,1
504707,29,1
504708,18,0
504709,40,0
504710,38,1
504711,43,0
504712,20,0
504713,44,0
504714,61,1
504715,37,1
504716,35,1
504717,40,1
504718,60,0
504719,24,0
504720,38,1
504721,26,0
504722,29,1
504723,35,1
504724,52,0
504725,58,1
504726,41,0
504727,31,0
504728,66,0
504729,31,0
504730,29,0
504731,18,1
504732,53,0
504733,48,1
504734,65,1
504735,19,0
504736,53,0
504737,37,1
504738,46,1
504739,18,1
504740,54,0
504741,45,1
504742,36,1
504743,44,1
504744,27,0
504745,29,1
504746,30,0
504747,18,1
504748,46,1
504749,50,1
504750,28,0
504751,40,1
504752,33,0
504753,40,0
504754,28,1
504755,25,1
504756,49,0
504757,35,1
504758,60,0
504759,37,1
504760,25,1
504761,51,1
504762,44,1
504763,45,1
504764,50,0
504765,28,1
504766,34,0
504767,34,0
504768,21,1
504769,33,0
504770,52,0
504771,39,1
504772,20,0
504773,18,0
504774,56,0
504775,35,0
504776,28,1
504777,33,1
504778,18,1
504779,53,0
504780,31,1
504781,52,0
504782,37,1
504783,53,1
504784,39,0
504785,46,1
504786,45,1
504787,43,0
504788,40,1
504789,33,1
504790,59,0
504791,25,0
504792,36,1
504793,36,1
504794,41,1
504795,31,1
504796,40,1
504797,34,0
504798,18,0
504799,36,0
504800,23,1
504801,18,1
504802,38,1
504803,42,0
504804,42,0
504805,43,1
504806,18,0
504807,20,0
504808,60,1
504809,23,1
504810,43,1
504811,28,0
504812,37,0
504813,28,0
504814,43,0
504815,38,0
504816,31,0
504817,23,1
504818,39,0
504819,21,0
504820,41,0
504821,68,1
504822,52,0
504823,45,0
504824,35,0
504825,18,0
504826,20,1
504827,51,0
504828,27,0
504829,28,1
504830,34,0
504831,23,1
504832,21,0
504833,35,1
504834,25,0
504835,27,0
504836,27,0
504837,42,1
504838,33,0
504839,34,1
504840,43,1
504841,34,0
504842,33,0
504843,42,0
504844,44,1
504845,34,1
504846,37,1
504847,27,0
504848,26,1
504849,45,0
504850,41,0
504851,41,0
504852,39,0
504853,37,1
504854,44,1
504855,47,0
504856,47,0
504857,35,1
504858,53,1
504859,39,0
504860,44,0
504861,39,1
504862,39,1
504863,27,1
504864,44,0
504865,70,1
504866,32,0
504867,37,1
504868,31,0
504869,30,0
504870,55,0
504871,28,0
504872,30,0
504873,18,1
504874,27,1
504875,18,1
504876,44,0
504877,70,0
504878,32,0
504879,18,0
504880,47,0
504881,27,1
504882,52,1
504883,33,0
504884,28,1
504885,34,1
504886,45,0
504887,33,1
504888,30,0
504889,34,0
504890,21,1
504891,41,1
504892,18,0
504893,31,0
504894,45,1
504895,40,0
504896,43,1
504897,35,1
504898,50,0
504899,47,1
504900,41,1
504901,47,1
504902,45,0
504903,31,0
504904,20,0
504905,41,1
504906,43,1
504907,49,1
504908,25,1
504909,25,0
504910,42,0
504911,35,1
504912,18,1
504913,41,1
504914,18,0
504915,25,0
504916,52,1
504917,58,0
504918,21,0
504919,32,1
504920,37,1
504921,57,1
504922,30,1
504923,30,1
504924,55,0
504925,32,0
504926,45,1
504927,18,0
504928,34,1
504929,18,1
504930,23,0
504931,46,0
504932,35,1
504933,32,0
504934,27,0
504935,33,1
504936,40,0
504937,48,0
504938,18,1
504939,26,1
504940,38,0
504941,35,1
504942,41,1
504943,39,0
504944,32,0
504945,30,1
504946,33,0
504947,50,1
504948,27,1
504949,35,0
504950,38,1
504951,55,1
504952,32,1
504953,48,0
504954,51,1
504955,35,0
504956,33,1
504957,32,1
504958,33,0
504959,46,0
504960,39,1
504961,39,1
504962,22,0
504963,24,0
504964,62,1
504965,34,0
504966,27,1
504967,53,0
504968,39,0
504969,43,1
504970,34,0
504971,32,1
504972,34,1
504973,19,0
504974,35,0
504975,40,0
504976,58,1
504977,37,1
504978,18,1
504979,35,0
504980,69,0
504981,46,0
504982,26,1
504983,43,0
504984,27,0
504985,20,0
504986,32,0
504987,37,1
504988,18,1
504989,22,1
504990,36,0
504991,31,1
504992,41,0
504993,21,1
504994,45,1
504995,22,0
504996,56,1
504997,18,0
504998,23,0
504999,41,0
505000,56,0
505001,40,1
505002,43,1
505003,36,1
505004,24,1
505005,30,1
505006,21,0
505007,21,0
505008,41,0
505009,23,1
505010,40,1
505011,20,1
505012,40,0
505013,30,0
505014,53,1
505015,40,0
505016,51,1
505017,27,0
505018,37,0
505019,24,1
505020,31,1
505021,33,1
505022,27,0
505023,21,0
505024,19,1
505025,18,1
505026,23,0
505027,44,1
505028,18,0
505029,20,0
505030,57,1
505031,28,1
505032,40,0
505033,44,0
505034,44,1
505035,18,1
505036,33,1
505037,18,0
505038,65,1
505039,18,1
505040,23,1
505041,24,0
505042,18,1
505043,52,1
505044,65,1
505045,30,1
505046,20,1
505047,18,0
505048,33,0
505049,32,1
505050,28,0
505051,39,0
505052,41,1
505053,40,0
505054,32,1
505055,23,0
505056,44,0
505057,36,0
505058,47,1
505059,45,1
505060,19,0
505061,19,0
505062,27,0
505063,23,1
505064,45,1
505065,40,1
505066,49,0
505067,41,1
505068,39,0
505069,50,0
505070,42,0
505071,37,0
505072,54,0
505073,37,1
505074,32,0
505075,26,1
505076,44,1
505077,51,1
505078,35,0
505079,52,1
505080,18,0
505081,35,0
505082,36,0
505083,27,1
505084,65,1
505085,35,1
505086,31,1
505087,36,1
505088,18,1
505089,27,1
505090,48,0
505091,28,1
505092,26,1
505093,52,0
505094,52,0
505095,42,0
505096,31,1
505097,33,0
505098,26,0
505099,24,1
505100,23,1
505101,29,1
505102,24,1
505103,18,0
505104,39,0
505105,39,1
505106,56,0
505107,28,1
505108,40,1
505109,40,1
505110,33,1
505111,45,1
505112,45,1
505113,40,0
505114,33,0
505115,32,0
505116,20,1
505117,26,0
505118,29,0
505119,23,1
505120,41,0
505121,50,1
505122,25,0
505123,39,0
505124,24,0
505125,32,0
505126,28,1
505127,43,1
505128,28,1
505129,48,1
505130,33,1
505131,28,1
505132,21,0
505133,39,0
505134,47,1
505135,39,1
505136,63,0
505137,53,0
505138,32,0
505139,32,0
505140,42,1
505141,26,0
505142,50,1
505143,40,1
505144,39,0
505145,44,1
505146,57,1
505147,38,0
505148,35,0
505149,54,1
505150,48,0
505151,32,0
505152,36,0
505153,38,0
505154,40,1
505155,20,0
505156,18,1
505157,25,0
505158,24,1
505159,28,0
505160,44,1
505161,34,1
505162,38,0
505163,21,1
505164,30,0
505165,43,1
505166,43,1
505167,27,0
505168,38,0
505169,62,0
505170,36,1
505171,28,1
505172,34,0
505173,37,0
505174,34,0
505175,36,1
505176,19,0
505177,24,0
505178,34,1
505179,34,0
505180,29,1
505181,34,0
505182,37,0
505183,47,1
505184,35,0
505185,41,0
505186,30,1
505187,43,1
505188,41,1
505189,46,0
505190,45,0
505191,43,0
505192,35,1
505193,39,1
505194,49,1
505195,28,1
505196,28,0
505197,38,1
505198,41,0
505199,26,0
505200,35,1
505201,35,1
505202,18,0
505203,33,0
505204,34,1
505205,34,0
505206,53,1
505207,21,1
505208,26,0
505209,18,0
505210,30,0
505211,31,1
505212,30,0
505213,49,1
505214,46,0
505215,37,1
505216,32,0
505217,48,0
505218,36,1
505219,26,1
505220,18,0
505221,31,0
505222,45,1
505223,63,0
505224,37,0
505225,27,0
505226,22,0
505227,43,1
505228,18,1
505229,43,1
505230,46,1
505231,41,0
505232,33,1
505233,43,0
505234,38,0
505235,27,1
505236,58,0
505237,32,0
505238,45,0
505239,18,1
505240,51,0
505241,54,1
505242,36,1
505243,43,1
505244,43,0
505245,28,1
505246,43,0
505247,26,1
505248,29,1
505249,50,0
505250,48,1
505251,28,0
505252,27,0
505253,28,0
505254,45,1
505255,24,1
505256,40,1
505257,45,0
505258,35,1
505259,48,1
505260,32,1
505261,33,0
505262,24,0
505263,48,1
505264,27,0
505265,40,0
505266,35,1
505267,23,0
505268,29,0
505269,53,0
505270,38,1
505271,24,1
505272,40,0
505273,34,0
505274,77,1
505275,39,0
505276,31,1
505277,53,1
505278,18,0
505279,37,0
505280,60,0
505281,35,1
505282,18,0
505283,31,1
505284,53,1
505285,41,1
505286,26,1
505287,28,0
505288,29,1
505289,40,1
505290,52,0
505291,49,0
505292,41,0
505293,20,0
505294,20,1
505295,42,0
505296,20,1
505297,33,1
505298,40,0
505299,22,1
505300,24,0
505301,35,0
505302,42,0
505303,49,0
505304,43,0
505305,37,0
505306,27,0
505307,23,0
505308,30,1
505309,41,0
505310,40,1
505311,18,1
505312,27,1
505313,50,1
505314,37,1
505315,19,1
505316,64,1
505317,36,1
505318,41,0
505319,41,1
505320,32,1
505321,27,0
505322,61,1
505323,48,1
505324,46,1
505325,43,0
505326,24,0
505327,51,0
505328,26,1
505329,39,1
505330,18,1
505331,18,0
505332,40,0
505333,26,1
505334,18,1
505335,42,0
505336,61,0
505337,53,0
505338,33,1
505339,36,1
505340,47,0
505341,49,1
505342,32,1
505343,36,1
505344,40,0
505345,43,0
505346,34,1
505347,35,1
505348,53,1
505349,51,1
505350,42,0
505351,57,0
505352,31,0
505353,55,1
505354,43,0
505355,75,1
505356,22,1
505357,28,1
505358,41,1
505359,41,1
505360,59,0
505361,28,1
505362,47,0
505363,50,0
505364,44,1
505365,24,1
505366,53,1
505367,51,0
505368,43,0
505369,38,1
505370,39,1
505371,35,0
505372,44,1
505373,36,1
505374,26,1
505375,23,0
505376,27,1
505377,39,0
505378,36,0
505379,39,0
505380,42,1
505381,28,1
505382,54,0
505383,33,0
505384,31,0
505385,42,0
505386,18,1
505387,27,0
505388,48,0
505389,18,1
505390,49,0
505391,54,1
505392,32,1
505393,40,1
505394,49,1
505395,30,0
505396,46,1
505397,28,1
505398,30,0
505399,26,1
505400,40,1
505401,50,1
505402,34,1
505403,21,0
505404,23,1
505405,41,1
505406,58,1
505407,41,0
505408,31,1
505409,45,1
505410,33,0
505411,31,1
505412,24,1
505413,53,1
505414,18,1
505415,46,0
505416,30,1
505417,31,1
505418,56,0
505419,27,0
505420,28,0
505421,34,1
505422,41,0
505423,31,1
505424,18,1
505425,26,1
505426,51,0
505427,37,1
505428,41,0
505429,33,1
505430,28,0
505431,56,1
505432,34,0
505433,31,0
505434,49,1
505435,27,1
505436,29,1
505437,36,1
505438,36,0
505439,39,0
505440,61,1
505441,40,1
505442,18,1
505443,40,0
505444,36,1
505445,37,0
505446,39,1
505447,36,1
505448,35,1
505449,43,0
505450,29,0
505451,25,0
505452,72,0
505453,27,0
505454,37,1
505455,18,0
505456,37,0
505457,25,1
505458,31,0
505459,49,0
505460,42,1
505461,43,0
505462,18,0
505463,58,1
505464,22,0
505465,54,0
505466,48,0
505467,43,0
505468,26,1
505469,38,0
505470,30,0
505471,36,0
505472,33,1
505473,18,0
505474,49,1
505475,35,0
505476,30,1
505477,29,0
505478,40,0
505479,25,1
505480,18,0
505481,41,1
505482,42,1
505483,34,1
505484,22,0
505485,37,1
505486,18,0
505487,24,1
505488,27,1
505489,46,1
505490,32,1
505491,31,1
505492,59,1
505493,40,0
505494,40,1
505495,32,0
505496,29,0
505497,18,1
505498,48,0
505499,41,1
505500,34,0
505501,34,0
505502,45,1
505503,18,0
505504,29,1
505505,22,1
505506,57,1
505507,47,0
505508,18,1
505509,18,0
505510,34,0
505511,30,0
505512,20,0
505513,59,0
505514,40,0
505515,42,0
505516,28,1
505517,45,0
505518,31,0
505519,33,0
505520,43,0
505521,18,1
505522,55,1
505523,38,1
505524,51,1
505525,23,0
505526,25,1
505527,22,0
505528,39,0
505529,37,0
505530,30,0
505531,24,1
505532,21,0
505533,35,0
505534,30,0
505535,28,1
505536,55,1
505537,35,1
505538,51,1
505539,30,1
505540,39,0
505541,35,0
505542,18,0
505543,53,0
505544,34,1
505545,45,0
505546,27,0
505547,34,1
505548,26,0
505549,51,0
505550,40,0
505551,40,1
505552,52,0
505553,50,0
505554,45,0
505555,19,1
505556,28,0
505557,24,0
505558,45,1
505559,38,1
505560,19,0
505561,34,0
505562,18,0
505563,35,1
505564,18,0
505565,42,1
505566,41,1
505567,59,1
505568,46,0
505569,31,1
505570,46,1
505571,19,1
505572,24,0
505573,40,1
505574,18,1
505575,36,1
505576,24,1
505577,37,0
505578,23,0
505579,41,1
505580,36,1
505581,53,1
505582,36,0
505583,27,0
505584,33,1
505585,20,1
505586,41,0
505587,43,0
505588,66,1
505589,29,0
505590,33,0
505591,29,0
505592,39,0
505593,41,0
505594,35,1
505595,49,1
505596,29,1
505597,48,1
505598,42,0
505599,36,0
505600,32,0
505601,65,0
505602,26,1
505603,40,0
505604,27,1
505605,57,0
505606,47,0
505607,28,0
505608,42,0
505609,39,1
505610,30,1
505611,45,0
505612,41,1
505613,39,1
505614,35,0
505615,41,0
505616,39,0
505617,37,0
505618,28,1
505619,56,0
505620,23,1
505621,41,1
505622,32,0
505623,57,1
505624,25,0
505625,27,0
505626,24,0
505627,40,0
505628,20,0
505629,30,1
505630,18,1
505631,39,1
505632,30,0
505633,18,1
505634,49,0
505635,20,1
505636,46,1
505637,28,1
505638,55,0
505639,45,1
505640,24,1
505641,25,0
505642,43,1
505643,33,0
505644,34,0
505645,51,1
505646,27,1
505647,37,0
505648,47,0
505649,46,0
505650,34,0
505651,33,1
505652,18,0
505653,23,1
505654,40,0
505655,34,0
505656,37,0
505657,48,0
505658,22,0
505659,33,0
505660,38,0
505661,28,0
505662,53,1
505663,47,1
505664,39,1
505665,58,0
505666,18,0
505667,36,0
505668,40,1
505669,25,1
505670,40,0
505671,23,0
505672,44,0
505673,49,0
505674,39,1
505675,18,0
505676,24,0
505677,43,0
505678,36,0
505679,18,0
505680,51,0
505681,38,0
505682,26,0
505683,48,1
505684,28,0
505685,28,0
505686,40,1
505687,57,0
505688,55,1
505689,40,1
505690,42,0
505691,45,0
505692,21,1
505693,44,0
505694,27,0
505695,40,1
505696,33,0
505697,42,1
505698,37,1
505699,18,1
505700,38,1
505701,44,1
505702,41,0
505703,35,1
505704,56,1
505705,40,1
505706,41,1
505707,49,1
505708,40,0
505709,25,1
505710,18,0
505711,30,0
505712,45,0
505713,32,1
505714,46,1
505715,38,0
505716,51,0
505717,32,0
505718,42,0
505719,42,0
505720,54,1
505721,18,0
505722,30,0
505723,46,0
505724,55,0
505725,39,1
505726,32,0
505727,45,0
505728,46,1
505729,32,0
505730,40,1
505731,50,1
505732,59,1
505733,45,1
505734,37,0
505735,35,0
505736,43,0
505737,35,0
505738,38,0
505739,23,0
505740,52,0
505741,22,0
505742,31,1
505743,37,0
505744,60,0
505745,31,0
505746,28,1
505747,29,0
505748,56,1
505749,18,0
505750,24,0
505751,69,1
505752,43,0
505753,23,0
505754,35,0
505755,37,0
505756,46,0
505757,58,0
505758,41,0
505759,30,1
505760,45,0
505761,28,0
505762,24,1
505763,18,0
505764,18,1
505765,25,0
505766,22,1
505767,40,1
505768,22,0
505769,18,1
505770,23,1
505771,30,1
505772,29,0
505773,54,0
505774,29,0
505775,47,1
505776,36,0
505777,35,0
505778,26,1
505779,35,0
505780,27,1
505781,38,0
505782,33,1
505783,25,0
505784,48,0
505785,41,1
505786,31,0
505787,38,0
505788,35,0
505789,26,1
505790,37,0
505791,29,0
505792,25,0
505793,18,0
505794,32,1
505795,43,0
505796,28,1
505797,66,1
505798,47,1
505799,52,1
505800,46,0
505801,58,1
505802,27,1
505803,18,1
505804,31,0
505805,43,0
505806,38,1
505807,39,0
505808,52,1
505809,41,0
505810,46,0
505811,25,0
505812,23,0
505813,55,0
505814,37,1
505815,29,1
505816,29,1
505817,28,1
505818,27,1
505819,21,0
505820,18,1
505821,34,1
505822,29,1
505823,49,0
505824,40,1
505825,39,0
505826,27,0
505827,35,1
505828,40,1
505829,45,0
505830,35,0
505831,49,1
505832,36,0
505833,46,0
505834,30,1
505835,18,1
505836,39,0
505837,45,1
505838,43,0
505839,41,0
505840,32,1
505841,26,1
505842,43,0
505843,41,0
505844,29,0
505845,49,0
505846,25,0
505847,29,0
505848,56,1
505849,46,0
505850,32,1
505851,39,1
505852,38,1
505853,18,1
505854,25,0
505855,35,0
505856,32,1
505857,39,0
505858,50,0
505859,32,0
505860,23,1
505861,40,0
505862,32,0
505863,34,0
505864,32,1
505865,63,0
505866,18,1
505867,31,1
505868,36,0
505869,27,0
505870,47,1
505871,46,1
505872,35,0
505873,33,0
505874,35,0
505875,35,0
505876,35,0
505877,34,0
505878,39,0
505879,45,1
505880,21,1
505881,23,1
505882,18,1
505883,46,1
505884,39,0
505885,42,1
505886,19,0
505887,57,0
505888,29,1
505889,38,1
505890,46,0
505891,24,1
505892,29,0
505893,38,0
505894,70,0
505895,40,0
505896,55,1
505897,50,0
505898,40,0
505899,24,1
505900,49,1
505901,18,0
505902,55,0
505903,38,0
505904,18,0
505905,32,1
505906,44,1
505907,33,0
505908,45,0
505909,26,0
505910,20,1
505911,35,0
505912,36,0
505913,32,1
505914,51,1
505915,26,0
505916,40,0
505917,37,0
505918,18,1
505919,20,0
505920,36,0
505921,60,1
505922,43,0
505923,18,0
505924,18,1
505925,45,0
505926,35,1
505927,50,1
505928,25,0
505929,40,1
505930,46,1
505931,31,1
505932,31,1
505933,36,0
505934,43,0
505935,36,1
505936,48,0
505937,30,0
505938,20,0
505939,60,0
505940,29,1
505941,29,1
505942,35,1
505943,37,0
505944,31,0
505945,36,1
505946,36,0
505947,38,1
505948,18,1
505949,59,0
505950,34,0
505951,43,1
505952,19,0
505953,30,1
505954,28,1
505955,54,0
505956,29,1
505957,45,0
505958,28,0
505959,31,1
505960,33,1
505961,51,1
505962,18,1
505963,20,1
505964,18,0
505965,23,0
505966,26,0
505967,18,0
505968,27,0
505969,18,1
505970,24,0
505971,50,1
505972,41,1
505973,38,1
505974,24,0
505975,18,1
505976,22,1
505977,35,0
505978,46,0
505979,47,0
505980,44,1
505981,27,1
505982,36,0
505983,32,1
505984,34,0
505985,60,0
505986,18,1
505987,33,1
505988,51,1
505989,18,0
505990,28,0
505991,30,0
505992,33,0
505993,18,0
505994,43,1
505995,44,1
505996,42,0
505997,26,0
505998,37,0
505999,25,0
506000,32,1
506001,62,0
506002,37,1
506003,22,0
506004,38,0
506005,20,1
506006,22,0
506007,24,0
506008,31,1
506009,47,0
506010,43,0
506011,42,0
506012,23,0
506013,30,1
506014,39,0
506015,28,1
506016,33,1
506017,41,0
506018,32,0
506019,39,0
506020,55,0
506021,34,0
506022,50,1
506023,43,0
506024,18,0
506025,23,1
506026,26,1
506027,26,0
506028,35,0
506029,43,1
506030,51,0
506031,40,1
506032,31,1
506033,18,0
506034,37,0
506035,36,0
506036,38,0
506037,61,0
506038,51,1
506039,45,1
506040,24,1
506041,30,1
506042,35,1
506043,27,0
506044,42,0
506045,40,1
506046,23,1
506047,50,0
506048,37,1
506049,18,0
506050,35,0
506051,39,1
506052,48,0
506053,32,1
506054,46,1
506055,38,1
506056,20,0
506057,19,1
506058,49,0
506059,50,1
506060,40,0
506061,54,1
506062,49,1
506063,44,0
506064,25,0
506065,57,0
506066,42,1
506067,31,1
506068,28,1
506069,39,1
506070,18,0
506071,44,1
506072,25,0
506073,40,1
506074,30,0
506075,33,1
506076,27,0
506077,34,0
506078,59,0
506079,53,1
506080,40,0
506081,36,0
506082,46,0
506083,50,0
506084,26,1
506085,35,1
506086,18,1
506087,49,1
506088,61,0
506089,37,0
506090,18,1
506091,43,1
506092,25,0
506093,28,1
506094,44,0
506095,39,0
506096,30,0
506097,28,1
506098,38,1
506099,31,1
506100,23,1
506101,32,1
506102,40,0
506103,34,1
506104,19,0
506105,48,0
506106,18,0
506107,31,0
506108,29,1
506109,38,0
506110,43,0
506111,50,1
506112,27,1
506113,43,0
506114,38,0
506115,18,0
506116,59,1
506117,19,1
506118,41,0
506119,41,1
506120,39,1
506121,30,1
506122,46,0
506123,18,1
506124,35,1
506125,29,0
506126,28,0
506127,41,0
506128,49,0
506129,32,1
506130,45,1
506131,37,0
506132,25,1
506133,33,0
506134,32,1
506135,28,0
506136,41,1
506137,39,1
506138,18,1
506139,18,1
506140,41,0
506141,26,1
506142,40,1
506143,45,0
506144,21,1
506145,19,0
506146,56,0
506147,40,1
506148,31,0
506149,25,0
506150,30,0
506151,22,1
506152,47,1
506153,27,0
506154,49,1
506155,31,1
506156,23,1
506157,31,1
506158,18,1
506159,35,0
506160,34,0
506161,46,1
506162,18,0
506163,50,0
506164,46,0
506165,51,0
506166,35,1
506167,48,0
506168,18,1
506169,45,1
506170,27,0
506171,18,0
506172,23,0
506173,36,0
506174,26,0
506175,41,1
506176,18,0
506177,18,0
506178,52,0
506179,47,0
506180,23,0
506181,36,1
506182,48,0
506183,41,1
506184,38,1
506185,49,1
506186,27,1
506187,36,0
506188,36,1
506189,33,0
506190,31,1
506191,37,0
506192,36,1
506193,23,1
506194,46,1
506195,24,0
506196,33,1
506197,32,1
506198,40,0
506199,18,0
506200,47,0
506201,28,0
506202,51,1
506203,30,0
506204,35,1
506205,59,1
506206,33,1
506207,51,1
506208,36,1
506209,41,0
506210,37,0
506211,46,1
506212,28,1
506213,24,0
506214,28,1
506215,37,1
506216,33,0
506217,45,1
506218,52,1
506219,24,0
506220,27,0
506221,19,0
506222,60,1
506223,40,0
506224,42,1
506225,20,1
506226,36,1
506227,42,0
506228,33,0
506229,49,0
506230,64,0
506231,25,0
506232,24,0
506233,25,0
506234,55,1
506235,49,0
506236,34,0
506237,36,1
506238,26,1
506239,47,1
506240,31,1
506241,33,0
506242,43,1
506243,34,1
506244,33,1
506245,36,1
506246,46,0
506247,56,0
506248,43,1
506249,46,0
506250,34,0
506251,28,0
506252,44,0
506253,38,0
506254,19,0
506255,32,1
506256,35,0
506257,30,0
506258,54,0
506259,42,1
506260,52,1
506261,39,1
506262,37,1
506263,25,1
506264,36,1
506265,36,1
506266,20,0
506267,30,1
506268,32,0
506269,41,1
506270,42,0
506271,29,0
506272,42,0
506273,34,1
506274,18,1
506275,30,0
506276,49,0
506277,18,0
506278,37,1
506279,55,0
506280,27,0
506281,36,1
506282,20,1
506283,56,1
506284,35,1
506285,37,1
506286,52,0
506287,44,0
506288,25,1
506289,28,0
506290,42,1
506291,29,0
506292,18,0
506293,35,0
506294,18,1
506295,55,1
506296,38,0
506297,25,0
506298,28,0
506299,18,0
506300,23,0
506301,48,1
506302,63,0
506303,45,0
506304,35,0
506305,31,0
506306,25,0
506307,61,1
506308,34,1
506309,61,1
506310,53,0
506311,18,1
506312,28,1
506313,28,1
506314,35,1
506315,35,0
506316,72,1
506317,23,1
506318,39,1
506319,43,1
506320,36,1
506321,37,0
506322,23,1
506323,37,1
506324,42,1
506325,40,1
506326,43,0
506327,53,0
506328,47,0
506329,37,1
506330,22,1
506331,29,1
506332,33,1
506333,39,1
506334,30,0
506335,25,1
506336,22,1
506337,18,1
506338,33,1
506339,18,1
506340,24,0
506341,31,1
506342,20,1
506343,41,0
506344,45,0
506345,29,0
506346,31,0
506347,42,1
506348,27,0
506349,27,0
506350,50,1
506351,47,0
506352,43,1
506353,47,0
506354,18,0
506355,52,1
506356,41,1
506357,48,1
506358,41,1
506359,37,0
506360,33,1
506361,40,0
506362,32,0
506363,46,0
506364,18,1
506365,30,0
506366,61,0
506367,28,0
506368,33,1
506369,25,0
506370,40,0
506371,27,0
506372,34,1
506373,46,0
506374,28,1
506375,45,0
506376,46,0
506377,49,0
506378,38,0
506379,75,0
506380,49,0
506381,40,1
506382,25,0
506383,35,0
506384,53,0
506385,57,0
506386,54,0
506387,45,0
506388,21,0
506389,42,0
506390,21,1
506391,18,1
506392,39,1
506393,42,0
506394,47,1
506395,42,0
506396,42,0
506397,24,1
506398,35,0
506399,18,0
506400,18,1
506401,45,1
506402,27,0
506403,46,0
506404,49,0
506405,29,1
506406,43,0
506407,28,0
506408,18,0
506409,37,1
506410,30,1
506411,31,0
506412,60,1
506413,18,0
506414,41,1
506415,24,0
506416,47,0
506417,40,0
506418,41,1
506419,25,1
506420,27,1
506421,47,0
506422,57,0
506423,42,0
506424,25,0
506425,40,0
506426,65,1
506427,37,1
506428,54,1
506429,27,0
506430,35,0
506431,43,0
506432,41,0
506433,27,1
506434,26,1
506435,48,0
506436,50,0
506437,54,1
506438,58,0
506439,38,1
506440,32,1
506441,52,1
506442,45,0
506443,24,1
506444,24,1
506445,42,0
506446,34,0
506447,36,1
506448,49,1
506449,45,0
506450,52,1
506451,18,1
506452,39,0
506453,44,0
506454,18,0
506455,28,0
506456,26,1
506457,36,1
506458,56,0
506459,60,1
506460,26,0
506461,42,0
506462,43,0
506463,41,1
506464,41,1
506465,40,1
506466,56,0
506467,49,0
506468,23,0
506469,46,1
506470,47,0
506471,40,1
506472,50,1
506473,38,0
506474,38,0
506475,37,0
506476,18,1
506477,35,1
506478,28,0
506479,22,1
506480,53,0
506481,42,0
506482,36,1
506483,29,1
506484,40,0
506485,48,1
506486,26,1
506487,36,1
506488,46,1
506489,18,0
506490,35,0
506491,31,1
506492,34,0
506493,30,0
506494,38,0
506495,59,0
506496,32,0
506497,40,0
506498,60,0
506499,29,0
506500,58,1
506501,36,1
506502,57,0
506503,45,0
506504,40,0
506505,35,1
506506,29,1
506507,37,1
506508,47,1
506509,36,0
506510,32,0
506511,33,0
506512,48,0
506513,51,0
506514,28,1
506515,28,0
506516,41,1
506517,54,0
506518,50,0
506519,21,1
506520,33,0
506521,25,0
506522,33,0
506523,55,1
506524,19,0
506525,18,1
506526,26,1
506527,39,1
506528,43,0
506529,41,1
506530,50,0
506531,18,1
506532,50,0
506533,32,0
506534,45,0
506535,20,1
506536,36,1
506537,39,0
506538,50,0
506539,18,1
506540,36,1
506541,23,1
506542,42,0
506543,45,1
506544,51,1
506545,30,0
506546,47,0
506547,52,0
506548,18,0
506549,43,1
506550,48,0
506551,33,1
506552,21,0
506553,47,1
506554,22,1
506555,34,1
506556,36,1
506557,45,0
506558,28,1
506559,28,1
506560,37,0
506561,48,1
506562,63,0
506563,18,1
506564,40,0
506565,23,1
506566,48,0
506567,25,0
506568,28,0
506569,29,1
506570,35,0
506571,40,1
506572,42,0
506573,36,1
506574,20,0
506575,45,1
506576,35,1
506577,50,0
506578,28,0
506579,18,1
506580,36,0
506581,52,0
506582,38,0
506583,34,1
506584,26,1
506585,57,1
506586,24,1
506587,27,0
506588,43,0
506589,18,0
506590,51,0
506591,43,0
506592,47,1
506593,43,0
506594,34,0
506595,23,0
506596,34,0
506597,24,0
506598,42,0
506599,46,0
506600,54,1
506601,40,1
506602,47,1
506603,32,1
506604,30,1
506605,42,1
506606,31,0
506607,39,1
506608,23,0
506609,25,0
506610,44,0
506611,47,0
506612,24,1
506613,44,0
506614,30,1
506615,36,1
506616,53,0
506617,46,0
506618,46,0
506619,59,0
506620,28,1
506621,24,1
506622,27,1
506623,33,0
506624,18,1
506625,34,1
506626,29,0
506627,45,0
506628,40,0
506629,29,0
506630,43,1
506631,45,1
506632,27,0
506633,30,1
506634,18,0
506635,23,0
506636,27,1
506637,37,1
506638,25,1
506639,30,0
506640,21,1
506641,38,1
506642,41,1
506643,41,0
506644,36,0
506645,18,1
506646,29,1
506647,31,1
506648,31,1
506649,37,1
506650,53,1
506651,46,0
506652,24,0
506653,44,0
506654,44,1
506655,26,0
506656,46,0
506657,34,1
506658,19,1
506659,41,0
506660,39,0
506661,33,1
506662,36,0
506663,27,0
506664,43,0
506665,35,0
506666,38,1
506667,40,0
506668,22,0
506669,25,0
506670,18,0
506671,43,0
506672,21,1
506673,38,0
506674,40,0
506675,43,0
506676,22,1
506677,35,0
506678,56,1
506679,57,1
506680,48,1
506681,40,1
506682,24,0
506683,45,1
506684,34,1
506685,43,0
506686,28,1
506687,34,0
506688,38,1
506689,39,1
506690,42,1
506691,29,0
506692,20,1
506693,55,1
506694,66,0
506695,41,1
506696,20,1
506697,27,1
506698,42,1
506699,52,0
506700,21,0
506701,35,0
506702,38,0
506703,46,0
506704,32,1
506705,18,0
506706,43,1
506707,49,0
506708,35,0
506709,41,1
506710,30,1
506711,26,0
506712,48,1
506713,41,0
506714,42,0
506715,54,0
506716,23,1
506717,29,0
506718,38,1
506719,29,1
506720,45,0
506721,34,1
506722,24,0
506723,37,0
506724,38,0
506725,47,0
506726,41,0
506727,42,0
506728,40,1
506729,34,0
506730,27,0
506731,39,1
506732,32,0
506733,56,1
506734,52,1
506735,44,0
506736,41,0
506737,35,0
506738,21,0
506739,33,0
506740,37,1
506741,39,1
506742,42,0
506743,47,1
506744,28,0
506745,28,1
506746,53,1
506747,45,0
506748,31,0
506749,35,0
506750,35,1
506751,36,0
506752,42,1
506753,66,0
506754,38,0
506755,44,1
506756,18,0
506757,30,0
506758,51,1
506759,41,0
506760,18,1
506761,44,1
506762,59,0
506763,18,1
506764,54,0
506765,18,1
506766,47,1
506767,36,1
506768,18,1
506769,41,0
506770,50,1
506771,40,0
506772,43,1
506773,31,0
506774,18,0
506775,44,0
506776,57,0
506777,50,0
506778,18,0
506779,18,1
506780,26,1
506781,18,0
506782,37,1
506783,41,0
506784,19,1
506785,45,0
506786,43,1
506787,29,0
506788,34,0
506789,18,1
506790,32,1
506791,36,1
506792,38,0
506793,41,0
506794,39,1
506795,33,0
506796,39,0
506797,48,0
506798,35,0
506799,40,0
506800,34,0
506801,28,1
506802,42,1
506803,29,1
506804,41,1
506805,36,0
506806,32,1
506807,32,1
506808,30,1
506809,18,0
506810,41,1
506811,39,1
506812,46,1
506813,30,1
506814,59,1
506815,31,1
506816,25,1
506817,24,1
506818,18,1
506819,54,0
506820,52,1
506821,43,0
506822,25,0
506823,58,0
506824,32,0
506825,33,0
506826,53,0
506827,44,0
506828,62,1
506829,39,1
506830,31,1
506831,29,0
506832,18,0
506833,33,1
506834,50,0
506835,43,1
506836,36,1
506837,24,0
506838,39,0
506839,48,0
506840,41,1
506841,38,0
506842,26,1
506843,46,1
506844,18,0
506845,41,0
506846,67,0
506847,18,0
506848,33,1
506849,36,1
506850,30,1
506851,48,0
506852,42,0
506853,38,1
506854,46,1
506855,36,1
506856,74,1
506857,38,1
506858,38,0
506859,18,0
506860,29,1
506861,50,0
506862,20,1
506863,18,0
506864,36,0
506865,52,0
506866,37,1
506867,32,1
506868,18,0
506869,41,0
506870,44,0
506871,18,0
506872,50,1
506873,45,0
506874,50,0
506875,43,0
506876,44,1
506877,42,1
506878,46,1
506879,18,1
506880,18,1
506881,27,0
506882,34,1
506883,41,1
506884,40,0
506885,49,1
506886,50,1
506887,26,1
506888,39,0
506889,26,0
506890,34,1
506891,40,0
506892,18,0
506893,65,0
506894,43,0
506895,29,1
506896,59,1
506897,32,1
506898,38,0
506899,30,0
506900,56,0
506901,35,0
506902,38,1
506903,50,0
506904,43,0
506905,35,1
506906,49,1
506907,66,0
506908,40,1
506909,37,0
506910,38,1
506911,52,1
506912,29,0
506913,33,0
506914,18,0
506915,22,1
506916,30,0
506917,35,1
506918,57,0
506919,42,0
506920,25,0
506921,27,0
506922,52,0
506923,50,1
506924,36,1
506925,31,0
506926,49,1
506927,24,0
506928,41,1
506929,63,0
506930,38,1
506931,27,0
506932,41,0
506933,30,1
506934,19,0
506935,44,0
506936,49,0
506937,32,1
506938,31,0
506939,24,1
506940,34,1
506941,29,1
506942,24,0
506943,59,1
506944,42,0
506945,43,1
506946,47,0
506947,45,1
506948,31,1
506949,39,0
506950,33,0
506951,41,0
506952,40,1
506953,31,0
506954,20,1
506955,38,0
506956,34,1
506957,18,0
506958,42,0
506959,48,0
506960,66,1
506961,31,0
506962,30,0
506963,23,0
506964,39,1
506965,38,1
506966,26,0
506967,34,0
506968,18,0
506969,47,0
506970,27,1
506971,36,0
506972,19,1
506973,29,1
506974,33,1
506975,36,0
506976,42,1
506977,53,0
506978,45,0
506979,48,1
506980,53,0
506981,43,0
506982,36,0
506983,48,0
506984,49,1
506985,44,1
506986,19,1
506987,26,0
506988,33,0
506989,45,0
506990,36,0
506991,50,1
506992,52,1
506993,50,1
506994,50,1
506995,24,0
506996,42,1
506997,29,1
506998,18,1
506999,33,0
507000,52,1
507001,42,0
507002,60,1
507003,38,1
507004,65,1
507005,38,0
507006,36,0
507007,21,1
507008,49,1
507009,30,1
507010,28,0
507011,51,1
507012,50,1
507013,50,0
507014,32,0
507015,35,1
507016,35,0
507017,45,1
507018,55,1
507019,40,0
507020,60,0
507021,47,1
507022,33,1
507023,46,1
507024,56,1
507025,60,1
507026,50,1
507027,36,1
507028,33,1
507029,43,0
507030,56,0
507031,41,1
507032,41,0
507033,37,1
507034,32,1
507035,34,0
507036,38,0
507037,57,1
507038,33,0
507039,37,1
507040,26,1
507041,45,0
507042,52,1
507043,55,0
507044,38,0
507045,43,0
507046,34,0
507047,42,1
507048,40,0
507049,37,0
507050,38,0
507051,41,0
507052,32,0
507053,33,1
507054,56,0
507055,69,1
507056,22,0
507057,21,0
507058,25,0
507059,35,1
507060,47,1
507061,43,0
507062,38,1
507063,42,0
507064,28,1
507065,33,1
507066,36,0
507067,18,0
507068,22,0
507069,23,1
507070,45,0
507071,39,1
507072,43,0
507073,18,1
507074,18,0
507075,44,1
507076,18,0
507077,51,0
507078,18,0
507079,46,1
507080,25,0
507081,49,1
507082,74,1
507083,18,0
507084,44,0
507085,18,0
507086,41,0
507087,34,0
507088,38,1
507089,25,0
507090,45,0
507091,19,1
507092,51,0
507093,31,1
507094,19,1
507095,55,0
507096,35,0
507097,59,1
507098,51,1
507099,26,1
507100,35,1
507101,37,1
507102,54,1
507103,41,1
507104,38,1
507105,34,1
507106,35,0
507107,52,1
507108,36,0
507109,31,0
507110,29,0
507111,29,0
507112,19,1
507113,27,0
507114,54,1
507115,34,0
507116,44,0
507117,18,0
507118,43,1
507119,34,1
507120,30,0
507121,38,0
507122,30,0
507123,18,0
507124,47,0
507125,39,1
507126,32,0
507127,24,0
507128,18,1
507129,39,1
507130,55,0
507131,38,1
507132,19,1
507133,39,0
507134,35,0
507135,46,1
507136,43,1
507137,18,1
507138,43,0
507139,24,1
507140,19,0
507141,34,1
507142,41,1
507143,18,0
507144,44,0
507145,45,1
507146,37,1
507147,26,0
507148,24,1
507149,48,0
507150,18,0
507151,49,0
507152,34,1
507153,35,0
507154,18,1
507155,34,0
507156,43,1
507157,20,1
507158,42,0
507159,37,0
507160,28,0
507161,46,0
507162,18,1
507163,40,1
507164,55,0
507165,53,1
507166,41,0
507167,32,0
507168,28,0
507169,32,0
507170,43,1
507171,26,0
507172,45,1
507173,62,0
507174,35,1
507175,20,0
507176,20,0
507177,45,0
507178,35,0
507179,47,0
507180,30,0
507181,46,1
507182,34,0
507183,27,1
507184,31,1
507185,22,0
507186,60,1
507187,35,0
507188,44,1
507189,30,1
507190,23,1
507191,33,0
507192,49,1
507193,30,0
507194,26,0
507195,38,0
507196,42,0
507197,56,1
507198,40,1
507199,44,0
507200,45,1
507201,22,1
507202,24,1
507203,23,1
507204,20,0
507205,46,0
507206,39,1
507207,37,0
507208,18,1
507209,61,1
507210,25,1
507211,61,0
507212,19,1
507213,26,1
507214,18,0
507215,40,0
507216,23,0
507217,23,0
507218,20,1
507219,45,1
507220,45,0
507221,58,1
507222,28,0
507223,39,0
507224,21,0
507225,32,1
507226,30,1
507227,42,1
507228,48,1
507229,48,0
507230,26,1
507231,48,0
507232,35,0
507233,32,0
507234,27,0
507235,29,0
507236,57,0
507237,40,0
507238,38,1
507239,33,0
507240,65,0
507241,52,1
507242,27,1
507243,33,0
507244,33,1
507245,38,0
507246,28,0
507247,41,1
507248,53,0
507249,20,1
507250,22,0
507251,30,1
507252,31,1
507253,60,1
507254,48,0
507255,47,0
507256,33,1
507257,33,1
507258,19,0
507259,45,0
507260,42,1
507261,51,1
507262,33,1
507263,34,1
507264,38,0
507265,47,0
507266,18,1
507267,45,1
507268,36,0
507269,23,1
507270,18,0
507271,34,0
507272,53,1
507273,56,0
507274,40,0
507275,60,1
507276,35,0
507277,47,0
507278,31,1
507279,30,0
507280,28,1
507281,18,0
507282,51,0
507283,28,1
507284,26,0
507285,22,1
507286,34,1
507287,57,1
507288,61,0
507289,18,0
507290,32,1
507291,24,0
507292,48,1
507293,39,1
507294,28,0
507295,37,0
507296,30,1
507297,55,1
507298,43,0
507299,44,1
507300,18,1
507301,35,0
507302,61,0
507303,52,1
507304,18,1
507305,32,1
507306,22,0
507307,57,1
507308,39,1
507309,27,1
507310,36,0
507311,18,0
507312,23,0
507313,36,0
507314,46,0
507315,18,1
507316,31,0
507317,48,1
507318,19,0
507319,39,1
507320,37,0
507321,57,1
507322,33,1
507323,34,1
507324,46,0
507325,20,0
507326,33,1
507327,31,0
507328,34,1
507329,46,0
507330,43,0
507331,27,1
507332,38,1
507333,54,1
507334,26,0
507335,38,1
507336,34,1
507337,35,0
507338,18,0
507339,53,0
507340,27,1
507341,48,0
507342,29,1
507343,28,0
507344,51,1
507345,48,1
507346,39,0
507347,45,0
507348,33,0
507349,36,0
507350,28,0
507351,47,1
507352,28,0
507353,54,0
507354,32,0
507355,36,1
507356,45,1
507357,36,0
507358,32,0
507359,36,0
507360,47,1
507361,28,1
507362,34,0
507363,36,1
507364,46,1
507365,35,1
507366,58,0
507367,34,1
507368,33,1
507369,34,0
507370,20,0
507371,24,0
507372,30,0
507373,50,0
507374,36,1
507375,30,1
507376,51,0
507377,55,0
507378,51,1
507379,26,0
507380,30,0
507381,58,1
507382,39,0
507383,33,0
507384,45,1
507385,48,1
507386,29,0
507387,39,1
507388,47,1
507389,22,0
507390,36,1
507391,23,0
507392,24,0
507393,29,0
507394,42,0
507395,32,0
507396,28,1
507397,37,0
507398,22,1
507399,41,0
507400,50,1
507401,35,1
507402,34,0
507403,40,1
507404,18,1
507405,42,0
507406,73,0
507407,35,1
507408,35,1
507409,45,0
507410,56,1
507411,48,0
507412,18,0
507413,43,1
507414,67,1
507415,43,0
507416,22,0
507417,39,0
507418,21,1
507419,51,0
507420,25,0
507421,37,0
507422,26,1
507423,29,0
507424,54,1
507425,37,0
507426,29,0
507427,22,0
507428,18,0
507429,21,0
507430,37,0
507431,48,0
507432,29,0
507433,55,0
507434,27,0
507435,33,0
507436,23,0
507437,48,1
507438,61,1
507439,18,1
507440,32,0
507441,51,1
507442,19,1
507443,43,0
507444,51,0
507445,37,1
507446,43,1
507447,57,1
507448,59,1
507449,35,1
507450,30,1
507451,25,0
507452,48,0
507453,20,1
507454,33,0
507455,37,0
507456,30,0
507457,39,0
507458,67,0
507459,35,1
507460,31,0
507461,48,1
507462,39,0
507463,53,1
507464,38,1
507465,33,1
507466,18,0
507467,18,0
507468,18,1
507469,41,1
507470,20,0
507471,51,1
507472,36,1
507473,33,0
507474,26,1
507475,43,0
507476,26,0
507477,24,1
507478,50,0
507479,40,1
507480,33,1
507481,44,1
507482,36,0
507483,41,0
507484,26,0
507485,61,1
507486,29,0
507487,55,1
507488,34,0
507489,46,0
507490,45,1
507491,50,1
507492,26,0
507493,49,1
507494,58,0
507495,33,1
507496,36,0
507497,30,1
507498,32,0
507499,57,0
507500,24,1
507501,25,0
507502,55,0
507503,43,0
507504,61,0
507505,31,1
507506,38,0
507507,28,1
507508,38,1
507509,18,0
507510,44,1
507511,40,0
507512,35,0
507513,31,0
507514,25,0
507515,45,0
507516,22,0
507517,42,1
507518,61,1
507519,54,1
507520,18,1
507521,30,1
507522,41,0
507523,35,1
507524,19,0
507525,41,1
507526,36,1
507527,59,0
507528,33,1
507529,50,1
507530,21,1
507531,24,0
507532,45,1
507533,49,1
507534,25,0
507535,36,0
507536,19,0
507537,34,1
507538,46,0
507539,31,0
507540,33,0
507541,22,1
507542,28,1
507543,57,0
507544,37,0
507545,24,1
507546,32,0
507547,18,0
507548,24,1
507549,52,0
507550,34,0
507551,59,0
507552,35,1
507553,36,1
507554,44,0
507555,18,1
507556,38,1
507557,35,1
507558,54,0
507559,48,0
507560,22,1
507561,51,0
507562,33,0
507563,25,0
507564,38,1
507565,34,0
507566,54,0
507567,40,1
507568,38,0
507569,47,0
507570,49,0
507571,45,0
507572,53,1
507573,43,0
507574,38,1
507575,51,0
507576,35,0
507577,36,0
507578,57,0
507579,55,0
507580,36,0
507581,31,1
507582,54,0
507583,46,1
507584,40,0
507585,32,0
507586,40,1
507587,36,0
507588,28,0
507589,38,0
507590,39,0
507591,31,1
507592,47,0
507593,51,1
507594,48,0
507595,33,0
507596,45,0
507597,37,0
507598,21,1
507599,44,1
507600,38,0
507601,67,0
507602,53,1
507603,45,0
507604,39,1
507605,38,0
507606,24,0
507607,18,0
507608,26,0
507609,35,1
507610,18,1
507611,29,1
507612,33,1
507613,33,0
507614,28,0
507615,32,0
507616,57,1
507617,44,0
507618,29,1
507619,35,1
507620,36,1
507621,27,0
507622,27,1
507623,48,1
507624,31,1
507625,23,0
507626,35,1
507627,37,0
507628,18,1
507629,36,1
507630,46,0
507631,41,1
507632,63,0
507633,51,1
507634,53,1
507635,70,1
507636,45,1
507637,38,0
507638,48,0
507639,29,1
507640,37,0
507641,28,0
507642,41,0
507643,28,0
507644,28,1
507645,41,0
507646,34,0
507647,18,1
507648,19,1
507649,22,0
507650,25,1
507651,41,0
507652,39,1
507653,49,0
507654,45,0
507655,49,0
507656,43,1
507657,39,0
507658,49,0
507659,47,1
507660,41,0
507661,51,1
507662,18,0
507663,33,0
507664,32,0
507665,50,0
507666,55,0
507667,19,0
507668,53,1
507669,22,0
507670,22,0
507671,33,1
507672,32,0
507673,18,1
507674,44,1
507675,44,0
507676,49,1
507677,31,1
507678,36,1
507679,36,1
507680,56,0
507681,18,1
507682,25,0
507683,36,0
507684,23,1
507685,33,0
507686,34,1
507687,28,1
507688,37,1
507689,44,1
507690,33,1
507691,31,1
507692,34,1
507693,36,1
507694,18,1
507695,42,0
507696,31,0
507697,51,0
507698,43,0
507699,50,0
507700,24,0
507701,32,1
507702,21,1
507703,28,1
507704,51,1
507705,54,1
507706,22,1
507707,31,0
507708,35,1
507709,43,0
507710,18,0
507711,18,0
507712,42,1
507713,18,1
507714,31,0
507715,38,1
507716,41,0
507717,34,0
507718,32,0
507719,46,0
507720,39,1
507721,28,0
507722,36,0
507723,41,0
507724,57,1
507725,45,1
507726,51,1
507727,29,1
507728,30,1
507729,33,0
507730,34,0
507731,24,0
507732,51,0
507733,47,0
507734,32,0
507735,44,0
507736,39,0
507737,45,0
507738,20,0
507739,34,1
507740,35,1
507741,43,0
507742,28,0
507743,18,0
507744,23,0
507745,35,0
507746,37,0
507747,56,1
507748,43,1
507749,37,1
507750,36,1
507751,49,1
507752,29,1
507753,34,1
507754,23,1
507755,53,1
507756,41,1
507757,28,1
507758,35,0
507759,42,0
507760,33,0
507761,30,0
507762,28,0
507763,40,0
507764,32,0
507765,31,1
507766,20,0
507767,37,0
507768,34,0
507769,32,0
507770,38,1
507771,45,1
507772,44,0
507773,43,0
507774,33,0
507775,29,1
507776,23,1
507777,29,1
507778,36,0
507779,27,1
507780,37,1
507781,24,1
507782,18,0
507783,46,0
507784,30,0
507785,26,0
507786,23,1
507787,41,0
507788,52,0
507789,31,1
507790,33,0
507791,49,1
507792,18,1
507793,60,1
507794,65,1
507795,18,0
507796,35,0
507797,27,1
507798,33,0
507799,31,0
507800,46,1
507801,35,0
507802,25,0
507803,34,0
507804,42,0
507805,22,1
507806,18,0
507807,60,0
507808,28,0
507809,34,1
507810,31,0
507811,43,0
507812,57,1
507813,43,0
507814,18,1
507815,19,0
507816,31,0
507817,33,0
507818,18,1
507819,46,0
507820,23,0
507821,54,1
507822,58,0
507823,33,1
507824,41,1
507825,21,1
507826,43,0
507827,30,0
507828,23,1
507829,33,0
507830,30,0
507831,32,1
507832,47,1
507833,27,0
507834,57,0
507835,20,1
507836,55,1
507837,24,0
507838,36,0
507839,30,0
507840,32,0
507841,46,0
507842,54,1
507843,50,0
507844,31,0
507845,38,1
507846,27,0
507847,24,0
507848,22,1
507849,31,0
507850,39,1
507851,18,0
507852,35,0
507853,54,1
507854,49,0
507855,29,1
507856,19,0
507857,42,1
507858,18,0
507859,49,1
507860,33,1
507861,58,0
507862,18,0
507863,47,0
507864,35,1
507865,32,0
507866,20,1
507867,43,0
507868,44,0
507869,57,1
507870,48,0
507871,29,0
507872,24,1
507873,20,1
507874,54,0
507875,27,0
507876,54,0
507877,42,1
507878,40,0
507879,32,1
507880,44,1
507881,36,1
507882,32,0
507883,44,0
507884,34,0
507885,26,0
507886,43,0
507887,35,1
507888,42,0
507889,31,0
507890,21,1
507891,57,1
507892,55,0
507893,47,1
507894,31,1
507895,32,0
507896,53,1
507897,32,0
507898,28,0
507899,58,0
507900,35,0
507901,57,1
507902,19,1
507903,42,0
507904,61,1
507905,36,0
507906,33,0
507907,22,1
507908,49,0
507909,27,1
507910,35,0
507911,21,1
507912,55,0
507913,50,0
507914,36,1
507915,22,0
507916,54,0
507917,32,1
507918,23,0
507919,18,0
507920,28,0
507921,19,1
507922,29,1
507923,45,1
507924,31,1
507925,40,0
507926,27,0
507927,37,0
507928,59,1
507929,32,0
507930,41,1
507931,18,1
507932,54,1
507933,30,0
507934,49,0
507935,35,1
507936,43,1
507937,44,0
507938,31,1
507939,49,1
507940,27,0
507941,45,1
507942,31,0
507943,40,1
507944,30,0
507945,37,0
507946,23,0
507947,39,1
507948,37,1
507949,30,0
507950,35,0
507951,38,0
507952,29,0
507953,34,1
507954,24,0
507955,64,1
507956,49,1
507957,39,0
507958,50,1
507959,18,1
507960,18,1
507961,31,1
507962,19,0
507963,33,0
507964,38,1
507965,47,0
507966,22,1
507967,41,1
507968,36,0
507969,40,0
507970,30,0
507971,53,1
507972,35,0
507973,57,0
507974,27,1
507975,45,1
507976,35,1
507977,32,1
507978,44,0
507979,32,1
507980,18,1
507981,18,0
507982,51,0
507983,51,0
507984,59,1
507985,36,1
507986,20,1
507987,31,1
507988,36,0
507989,24,1
507990,56,1
507991,63,0
507992,42,0
507993,36,1
507994,20,1
507995,55,0
507996,37,1
507997,33,0
507998,42,0
507999,29,1
508000,38,0
508001,19,1
508002,49,1
508003,35,0
508004,50,0
508005,34,0
508006,34,0
508007,21,1
508008,45,0
508009,25,1
508010,30,0
508011,36,0
508012,37,1
508013,18,0
508014,33,1
508015,46,1
508016,31,1
508017,33,0
508018,38,0
508019,34,1
508020,24,0
508021,36,1
508022,48,1
508023,23,1
508024,32,1
508025,19,1
508026,47,0
508027,35,1
508028,26,1
508029,37,0
508030,22,1
508031,24,0
508032,18,0
508033,23,1
508034,52,1
508035,27,0
508036,42,1
508037,26,0
508038,45,0
508039,24,0
508040,36,1
508041,37,0
508042,64,0
508043,44,1
508044,29,0
508045,44,0
508046,62,0
508047,18,1
508048,26,1
508049,33,1
508050,31,0
508051,32,0
508052,20,1
508053,53,0
508054,19,0
508055,34,0
508056,49,0
508057,36,0
508058,24,1
508059,20,0
508060,33,1
508061,27,0
508062,38,1
508063,19,1
508064,46,1
508065,37,0
508066,38,1
508067,53,0
508068,31,1
508069,27,1
508070,29,1
508071,34,1
508072,35,1
508073,26,1
508074,18,0
508075,29,0
508076,40,1
508077,38,1
508078,50,0
508079,59,0
508080,45,1
508081,53,0
508082,45,0
508083,57,0
508084,58,0
508085,47,1
508086,44,0
508087,34,0
508088,36,0
508089,32,0
508090,43,0
508091,27,0
508092,34,0
508093,18,1
508094,57,0
508095,33,0
508096,41,0
508097,53,0
508098,40,0
508099,53,0
508100,21,0
508101,65,0
508102,49,1
508103,39,0
508104,53,0
508105,22,1
508106,33,0
508107,53,1
508108,18,0
508109,43,0
508110,42,1
508111,60,0
508112,18,0
508113,55,1
508114,29,1
508115,31,0
508116,21,1
508117,23,0
508118,41,1
508119,23,0
508120,45,1
508121,28,0
508122,21,1
508123,30,0
508124,40,1
508125,33,1
508126,36,1
508127,44,1
508128,49,0
508129,32,1
508130,23,0
508131,37,1
508132,42,1
508133,18,0
508134,25,0
508135,27,1
508136,34,1
508137,27,1
508138,44,0
508139,18,0
508140,18,1
508141,32,1
508142,34,1
508143,19,1
508144,29,1
508145,31,1
508146,31,1
508147,38,1
508148,28,1
508149,54,0
508150,42,0
508151,26,1
508152,37,1
508153,37,1
508154,51,1
508155,29,0
508156,45,0
508157,37,1
508158,54,1
508159,51,0
508160,38,0
508161,33,0
508162,42,0
508163,34,0
508164,56,0
508165,37,0
508166,31,1
508167,30,1
508168,21,1
508169,43,0
508170,26,0
508171,49,0
508172,20,1
508173,38,0
508174,50,1
508175,18,1
508176,60,1
508177,31,0
508178,38,0
508179,43,1
508180,45,0
508181,39,1
508182,48,0
508183,42,1
508184,57,1
508185,42,0
508186,60,1
508187,47,1
508188,18,1
508189,67,0
508190,29,0
508191,54,1
508192,36,0
508193,49,1
508194,28,0
508195,44,1
508196,33,0
508197,55,1
508198,41,0
508199,47,0
508200,18,0
508201,35,1
508202,41,0
508203,39,1
508204,48,0
508205,32,1
508206,37,1
508207,50,0
508208,18,0
508209,43,0
508210,32,1
508211,25,1
508212,40,0
508213,51,1
508214,48,1
508215,34,1
508216,47,0
508217,46,1
508218,35,0
508219,28,1
508220,28,0
508221,46,1
508222,35,1
508223,23,1
508224,18,0
508225,46,1
508226,29,0
508227,40,1
508228,51,0
508229,20,1
508230,35,0
508231,34,0
508232,41,0
508233,51,0
508234,20,0
508235,43,1
508236,48,1
508237,34,1
508238,34,1
508239,41,0
508240,40,0
508241,43,0
508242,43,0
508243,24,1
508244,48,1
508245,50,1
508246,38,1
508247,18,0
508248,35,1
508249,38,0
508250,22,1
508251,32,0
508252,19,0
508253,43,0
508254,38,0
508255,18,0
508256,40,0
508257,35,1
508258,42,1
508259,31,0
508260,26,0
508261,27,1
508262,30,0
508263,36,1
508264,38,0
508265,34,0
508266,31,0
508267,32,0
508268,66,1
508269,27,1
508270,29,0
508271,76,1
508272,41,0
508273,19,0
508274,46,1
508275,25,1
508276,47,1
508277,33,0
508278,31,0
508279,55,0
508280,43,1
508281,48,0
508282,41,1
508283,31,0
508284,43,0
508285,51,0
508286,38,0
508287,58,1
508288,46,1
508289,39,1
508290,39,1
508291,38,0
508292,21,1
508293,35,1
508294,39,1
508295,31,0
508296,40,0
508297,36,1
508298,45,0
508299,44,0
508300,38,0
508301,20,1
508302,57,0
508303,34,1
508304,35,1
508305,32,0
508306,30,0
508307,55,1
508308,53,0
508309,41,0
508310,35,0
508311,43,0
508312,37,1
508313,34,0
508314,40,1
508315,31,0
508316,39,1
508317,38,1
508318,43,0
508319,29,1
508320,45,0
508321,25,1
508322,29,1
508323,30,0
508324,23,0
508325,48,1
508326,24,1
508327,28,0
508328,51,0
508329,29,0
508330,34,1
508331,24,1
508332,46,1
508333,46,1
508334,45,1
508335,42,0
508336,37,1
508337,30,0
508338,26,1
508339,51,0
508340,45,1
508341,28,1
508342,36,1
508343,32,0
508344,22,1
508345,38,0
508346,31,0
508347,25,1
508348,18,1
508349,18,0
508350,32,1
508351,35,0
508352,25,1
508353,44,1
508354,35,1
508355,43,1
508356,34,1
508357,27,1
508358,37,0
508359,21,0
508360,42,1
508361,25,0
508362,47,1
508363,32,0
508364,49,1
508365,23,0
508366,28,1
508367,41,1
508368,50,0
508369,56,1
508370,36,0
508371,58,1
508372,33,1
508373,49,0
508374,25,0
508375,41,0
508376,18,0
508377,23,1
508378,42,0
508379,20,1
508380,41,1
508381,47,1
508382,30,1
508383,24,0
508384,30,1
508385,24,1
508386,35,1
508387,37,0
508388,32,0
508389,56,1
508390,27,1
508391,53,0
508392,24,1
508393,37,0
508394,50,1
508395,50,0
508396,31,0
508397,43,0
508398,41,0
508399,30,0
508400,43,0
508401,58,0
508402,42,1
508403,43,1
508404,44,1
508405,18,0
508406,42,0
508407,24,1
508408,29,1
508409,62,1
508410,33,1
508411,27,1
508412,50,1
508413,25,0
508414,31,1
508415,51,1
508416,37,1
508417,18,0
508418,43,0
508419,31,0
508420,54,0
508421,29,1
508422,49,1
508423,57,0
508424,26,1
508425,34,0
508426,41,1
508427,26,0
508428,39,1
508429,33,1
508430,33,1
508431,37,1
508432,37,0
508433,38,1
508434,29,0
508435,29,0
508436,35,1
508437,35,1
508438,31,1
508439,40,0
508440,18,1
508441,27,0
508442,33,1
508443,26,1
508444,56,1
508445,36,1
508446,38,1
508447,30,0
508448,36,1
508449,21,1
508450,34,0
508451,25,0
508452,33,0
508453,18,1
508454,22,1
508455,54,1
508456,46,0
508457,52,0
508458,53,0
508459,44,0
508460,31,0
508461,24,0
508462,50,0
508463,37,0
508464,66,1
508465,32,0
508466,60,0
508467,34,1
508468,52,1
508469,56,1
508470,24,1
508471,30,1
508472,24,1
508473,21,1
508474,44,0
508475,34,1
508476,37,0
508477,43,0
508478,18,0
508479,51,0
508480,32,0
508481,42,1
508482,43,0
508483,52,0
508484,35,0
508485,18,0
508486,37,1
508487,38,0
508488,24,0
508489,38,0
508490,32,0
508491,20,0
508492,44,0
508493,29,1
508494,31,1
508495,30,1
508496,51,0
508497,36,0
508498,37,1
508499,31,0
508500,42,1
508501,52,1
508502,44,0
508503,44,0
508504,43,1
508505,19,1
508506,25,1
508507,34,0
508508,27,1
508509,23,0
508510,18,0
508511,20,1
508512,33,1
508513,35,0
508514,26,0
508515,37,0
508516,31,0
508517,49,0
508518,34,1
508519,44,0
508520,38,1
508521,19,0
508522,35,0
508523,21,0
508524,35,0
508525,27,1
508526,41,1
508527,20,1
508528,36,0
508529,43,1
508530,47,1
508531,27,0
508532,36,1
508533,38,1
508534,55,1
508535,18,1
508536,25,1
508537,70,0
508538,33,1
508539,18,1
508540,29,0
508541,18,1
508542,39,0
508543,46,0
508544,25,1
508545,30,1
508546,47,1
508547,18,1
508548,20,0
508549,33,1
508550,27,1
508551,32,1
508552,21,0
508553,39,0
508554,34,1
508555,43,0
508556,38,0
508557,38,1
508558,19,1
508559,42,1
508560,32,1
508561,34,1
508562,49,0
508563,27,1
508564,52,1
508565,53,1
508566,45,0
508567,24,0
508568,18,1
508569,49,1
508570,37,1
508571,27,1
508572,50,1
508573,26,0
508574,31,1
508575,42,1
508576,23,0
508577,35,0
508578,49,1
508579,39,1
508580,51,0
508581,50,0
508582,36,0
508583,18,1
508584,23,1
508585,45,0
508586,18,1
508587,32,0
508588,40,0
508589,54,0
508590,29,1
508591,28,1
508592,35,0
508593,40,1
508594,34,1
508595,49,1
508596,26,1
508597,37,1
508598,41,0
508599,31,0
508600,46,1
508601,38,1
508602,45,1
508603,38,1
508604,41,1
508605,28,1
508606,28,1
508607,51,0
508608,44,1
508609,24,1
508610,38,0
508611,18,0
508612,29,1
508613,48,1
508614,34,0
508615,37,0
508616,18,0
508617,31,0
508618,40,1
508619,42,1
508620,48,1
508621,33,0
508622,34,0
508623,20,0
508624,34,1
508625,21,1
508626,18,0
508627,23,1
508628,54,0
508629,33,0
508630,39,1
508631,30,0
508632,18,1
508633,47,0
508634,18,1
508635,29,0
508636,35,0
508637,39,0
508638,27,1
508639,18,1
508640,26,1
508641,27,0
508642,27,0
508643,48,0
508644,21,1
508645,40,0
508646,38,0
508647,48,1
508648,34,1
508649,45,0
508650,34,0
508651,41,0
508652,18,1
508653,18,0
508654,41,1
508655,41,0
508656,42,1
508657,30,1
508658,54,0
508659,30,0
508660,41,0
508661,43,1
508662,57,1
508663,32,1
508664,28,0
508665,18,0
508666,55,1
508667,41,1
508668,41,1
508669,73,1
508670,40,1
508671,20,1
508672,34,1
508673,24,1
508674,31,1
508675,31,1
508676,29,0
508677,19,1
508678,55,1
508679,40,0
508680,33,1
508681,45,0
508682,42,0
508683,39,0
508684,44,1
508685,38,1
508686,44,1
508687,45,0
508688,38,1
508689,33,0
508690,54,0
508691,30,0
508692,41,1
508693,41,0
508694,29,1
508695,26,1
508696,32,0
508697,30,1
508698,19,0
508699,28,0
508700,39,0
508701,51,1
508702,43,1
508703,18,1
508704,44,1
508705,29,0
508706,41,1
508707,36,0
508708,34,0
508709,35,1
508710,36,0
508711,52,0
508712,36,0
508713,49,0
508714,47,1
508715,44,0
508716,18,1
508717,49,0
508718,31,1
508719,45,1
508720,24,1
508721,22,1
508722,60,1
508723,25,1
508724,50,1
508725,37,0
508726,31,0
508727,35,1
508728,20,0
508729,36,0
508730,23,1
508731,31,0
508732,47,0
508733,39,1
508734,18,0
508735,46,0
508736,36,0
508737,29,0
508738,45,0
508739,34,1
508740,22,0
508741,58,0
508742,36,1
508743,35,0
508744,31,0
508745,50,0
508746,30,0
508747,18,0
508748,28,0
508749,52,1
508750,46,1
508751,33,1
508752,52,0
508753,45,1
508754,33,1
508755,34,0
508756,40,1
508757,26,1
508758,36,0
508759,40,1
508760,18,0
508761,34,0
508762,32,0
508763,48,0
508764,18,1
508765,31,1
508766,30,0
508767,48,1
508768,35,1
508769,58,1
508770,44,1
508771,31,1
508772,39,1
508773,32,0
508774,46,1
508775,20,0
508776,26,0
508777,41,0
508778,51,0
508779,18,1
508780,52,1
508781,34,0
508782,18,1
508783,18,0
508784,18,1
508785,36,0
508786,35,0
508787,44,1
508788,29,1
508789,23,0
508790,31,0
508791,36,0
508792,39,1
508793,27,0
508794,47,0
508795,29,1
508796,26,1
508797,29,0
508798,49,1
508799,34,0
508800,28,0
508801,47,1
508802,62,0
508803,39,0
508804,51,1
508805,48,1
508806,29,1
508807,36,1
508808,21,0
508809,34,1
508810,28,0
508811,31,1
508812,27,0
508813,33,0
508814,42,0
508815,35,1
508816,18,0
508817,27,1
508818,18,1
508819,39,1
508820,42,0
508821,39,0
508822,27,1
508823,39,1
508824,30,0
508825,22,1
508826,45,0
508827,46,0
508828,47,0
508829,29,0
508830,50,0
508831,30,1
508832,44,0
508833,30,1
508834,33,1
508835,18,1
508836,32,0
508837,37,1
508838,31,0
508839,57,1
508840,22,0
508841,29,1
508842,25,0
508843,29,1
508844,48,0
508845,54,0
508846,28,1
508847,27,0
508848,22,1
508849,52,1
508850,49,1
508851,35,1
508852,19,1
508853,20,1
508854,38,0
508855,43,1
508856,18,1
508857,32,0
508858,55,0
508859,33,0
508860,54,1
508861,44,0
508862,23,1
508863,32,1
508864,34,1
508865,25,0
508866,24,1
508867,54,1
508868,24,0
508869,49,0
508870,31,0
508871,36,1
508872,43,0
508873,29,0
508874,43,0
508875,18,0
508876,41,0
508877,18,1
508878,33,0
508879,46,1
508880,43,0
508881,20,0
508882,22,1
508883,28,1
508884,38,1
508885,18,0
508886,36,0
508887,40,1
508888,33,0
508889,42,1
508890,39,0
508891,30,0
508892,18,1
508893,38,1
508894,25,1
508895,29,1
508896,42,0
508897,53,1
508898,36,1
508899,43,0
508900,19,0
508901,39,1
508902,35,0
508903,51,1
508904,30,0
508905,33,1
508906,49,1
508907,35,1
508908,23,1
508909,67,0
508910,23,1
508911,35,1
508912,40,1
508913,39,1
508914,34,1
508915,34,1
508916,33,1
508917,23,1
508918,62,1
508919,33,0
508920,43,0
508921,32,1
508922,32,0
508923,31,0
508924,18,0
508925,34,1
508926,31,1
508927,50,1
508928,22,1
508929,29,1
508930,25,0
508931,53,0
508932,26,0
508933,43,0
508934,48,1
508935,34,0
508936,19,1
508937,20,1
508938,46,0
508939,21,1
508940,41,1
508941,37,1
508942,41,1
508943,42,1
508944,25,1
508945,24,1
508946,45,0
508947,28,1
508948,18,0
508949,44,0
508950,24,0
508951,42,0
508952,53,0
508953,36,0
508954,48,0
508955,38,1
508956,55,1
508957,23,1
508958,36,0
508959,44,1
508960,34,0
508961,50,0
508962,31,0
508963,61,1
508964,61,1
508965,39,1
508966,43,1
508967,50,1
508968,22,1
508969,20,0
508970,51,0
508971,39,1
508972,33,1
508973,36,0
508974,18,0
508975,34,0
508976,27,0
508977,47,0
508978,48,1
508979,43,0
508980,41,0
508981,18,0
508982,43,1
508983,44,0
508984,51,0
508985,61,1
508986,18,1
508987,31,0
508988,27,1
508989,38,0
508990,36,1
508991,33,0
508992,48,1
508993,23,1
508994,24,1
508995,24,1
508996,32,0
508997,21,1
508998,35,0
508999,34,0
509000,27,1
509001,46,1
509002,35,1
509003,49,1
509004,34,1
509005,36,1
509006,29,1
509007,36,1
509008,45,0
509009,31,1
509010,42,1
509011,26,1
509012,45,0
509013,29,0
509014,46,0
509015,37,0
509016,54,1
509017,22,0
509018,18,0
509019,29,1
509020,19,0
509021,19,0
509022,43,1
509023,36,1
509024,30,1
509025,31,1
509026,29,1
509027,56,0
509028,27,1
509029,20,1
509030,46,1
509031,33,0
509032,60,0
509033,30,0
509034,46,1
509035,49,1
509036,30,0
509037,27,1
509038,45,1
509039,43,1
509040,19,0
509041,22,1
509042,18,1
509043,43,1
509044,33,1
509045,34,1
509046,18,0
509047,23,1
509048,30,0
509049,28,1
509050,37,1
509051,43,1
509052,63,1
509053,36,0
509054,49,0
509055,26,1
509056,18,0
509057,32,0
509058,18,1
509059,36,0
509060,27,0
509061,18,0
509062,57,1
509063,30,0
509064,18,1
509065,47,0
509066,27,0
509067,49,0
509068,27,0
509069,30,1
509070,40,0
509071,43,0
509072,45,0
509073,35,0
509074,42,1
509075,45,0
509076,38,1
509077,34,0
509078,19,1
509079,43,1
509080,37,0
509081,31,1
509082,51,1
509083,19,1
509084,56,1
509085,36,1
509086,40,0
509087,31,1
509088,18,0
509089,34,1
509090,40,1
509091,44,1
509092,34,1
509093,18,0
509094,18,1
509095,61,0
509096,23,1
509097,53,1
509098,25,0
509099,34,1
509100,44,0
509101,26,1
509102,55,1
509103,37,1
509104,42,1
509105,33,0
509106,44,0
509107,55,0
509108,34,0
509109,57,0
509110,29,1
509111,45,1
509112,42,0
509113,23,1
509114,39,1
509115,36,0
509116,26,1
509117,40,0
509118,38,1
509119,35,1
509120,35,0
509121,35,0
509122,32,1
509123,38,0
509124,28,1
509125,68,1
509126,19,0
509127,29,1
509128,30,1
509129,60,0
509130,20,1
509131,41,0
509132,39,1
509133,40,0
509134,51,0
509135,51,1
509136,31,1
509137,38,0
509138,18,1
509139,37,0
509140,26,0
509141,34,1
509142,18,1
509143,41,0
509144,18,1
509145,38,1
509146,21,1
509147,26,1
509148,50,0
509149,43,0
509150,50,1
509151,55,1
509152,27,0
509153,54,0
509154,18,0
509155,45,1
509156,30,1
509157,25,1
509158,43,0
509159,47,1
509160,47,0
509161,39,0
509162,38,0
509163,42,1
509164,40,1
509165,42,0
509166,38,0
509167,46,1
509168,18,0
509169,34,0
509170,19,0
509171,39,0
509172,56,0
509173,30,1
509174,38,0
509175,45,0
509176,18,1
509177,30,0
509178,40,1
509179,18,0
509180,24,1
509181,49,0
509182,48,1
509183,40,1
509184,47,1
509185,39,1
509186,43,0
509187,32,0
509188,37,1
509189,28,1
509190,51,0
509191,54,1
509192,53,1
509193,31,1
509194,25,1
509195,51,1
509196,43,0
509197,40,1
509198,28,0
509199,41,0
509200,23,1
509201,44,1
509202,53,0
509203,56,1
509204,45,0
509205,19,0
509206,38,1
509207,62,1
509208,26,0
509209,35,0
509210,53,1
509211,43,0
509212,66,1
509213,27,0
509214,24,1
509215,51,0
509216,22,0
509217,34,0
509218,35,1
509219,48,1
509220,43,1
509221,41,0
509222,31,0
509223,51,1
509224,79,0
509225,44,1
509226,37,0
509227,20,1
509228,28,1
509229,33,0
509230,30,0
509231,36,1
509232,57,0
509233,51,1
509234,34,1
509235,22,0
509236,52,1
509237,35,0
509238,18,1
509239,45,0
509240,48,1
509241,18,0
509242,26,0
509243,35,0
509244,45,0
509245,30,1
509246,26,0
509247,45,0
509248,30,0
509249,43,0
509250,23,0
509251,20,0
509252,45,1
509253,39,1
509254,47,1
509255,30,0
509256,26,1
509257,52,1
509258,18,1
509259,51,0
509260,52,0
509261,46,0
509262,28,0
509263,26,1
509264,33,0
509265,20,0
509266,24,0
509267,44,0
509268,44,0
509269,23,0
509270,44,1
509271,41,0
509272,54,1
509273,43,1
509274,49,1
509275,42,1
509276,48,0
509277,21,1
509278,35,1
509279,36,0
509280,33,0
509281,41,1
509282,44,0
509283,41,1
509284,34,0
509285,27,0
509286,49,1
509287,40,1
509288,24,1
509289,34,1
509290,18,1
509291,36,0
509292,34,1
509293,29,0
509294,55,0
509295,22,1
509296,44,0
509297,62,1
509298,49,0
509299,36,0
509300,22,0
509301,20,1
509302,31,1
509303,28,0
509304,27,0
509305,32,0
509306,35,0
509307,42,1
509308,21,1
509309,28,0
509310,34,0
509311,34,1
509312,58,0
509313,39,0
509314,18,1
509315,41,0
509316,43,0
509317,34,0
509318,21,1
509319,57,0
509320,23,1
509321,44,0
509322,38,0
509323,43,1
509324,56,0
509325,43,0
509326,29,0
509327,49,1
509328,28,0
509329,38,1
509330,20,0
509331,24,0
509332,37,0
509333,40,0
509334,18,1
509335,42,0
509336,26,1
509337,51,0
509338,32,1
509339,23,0
509340,37,1
509341,25,0
509342,51,1
509343,36,1
509344,34,1
509345,43,0
509346,24,1
509347,21,0
509348,41,0
509349,23,0
509350,23,1
509351,46,0
509352,42,1
509353,21,1
509354,29,0
509355,25,0
509356,57,1
509357,47,0
509358,31,0
509359,43,0
509360,20,1
509361,28,0
509362,37,0
509363,41,0
509364,35,0
509365,39,1
509366,37,1
509367,34,1
509368,32,1
509369,31,0
509370,39,1
509371,41,1
509372,38,1
509373,22,1
509374,24,0
509375,41,1
509376,54,0
509377,38,1
509378,31,0
509379,39,1
509380,22,1
509381,52,1
509382,38,0
509383,28,1
509384,34,1
509385,30,1
509386,52,1
509387,34,1
509388,38,1
509389,43,0
509390,27,0
509391,38,1
509392,39,1
509393,18,0
509394,39,0
509395,35,0
509396,38,1
509397,36,1
509398,39,1
509399,52,0
509400,22,0
509401,32,1
509402,44,0
509403,42,0
509404,42,0
509405,69,1
509406,43,0
509407,50,0
509408,32,0
509409,24,1
509410,32,0
509411,45,0
509412,41,0
509413,41,0
509414,33,1
509415,32,1
509416,34,0
509417,45,1
509418,46,0
509419,24,1
509420,45,0
509421,28,0
509422,42,1
509423,34,1
509424,55,1
509425,31,1
509426,38,1
509427,43,1
509428,26,0
509429,35,0
509430,33,1
509431,30,1
509432,31,1
509433,49,0
509434,29,0
509435,43,0
509436,40,1
509437,19,0
509438,42,1
509439,19,0
509440,44,0
509441,30,1
509442,36,0
509443,20,1
509444,37,0
509445,47,0
509446,26,1
509447,29,1
509448,41,0
509449,42,0
509450,18,1
509451,60,1
509452,42,1
509453,44,1
509454,34,0
509455,18,1
509456,44,1
509457,29,1
509458,43,1
509459,33,1
509460,39,1
509461,27,0
509462,46,0
509463,22,1
509464,63,1
509465,63,0
509466,56,0
509467,51,1
509468,35,1
509469,50,1
509470,35,0
509471,18,0
509472,54,0
509473,50,1
509474,36,0
509475,21,1
509476,29,1
509477,18,1
509478,47,1
509479,18,1
509480,39,1
509481,26,0
509482,19,0
509483,39,1
509484,32,0
509485,46,1
509486,21,0
509487,27,1
509488,18,0
509489,18,1
509490,58,0
509491,61,1
509492,37,0
509493,26,1
509494,32,0
509495,46,1
509496,30,1
509497,39,1
509498,36,1
509499,29,1
509500,30,1
509501,40,0
509502,24,1
509503,41,0
509504,30,1
509505,38,0
509506,53,0
509507,34,1
509508,47,0
509509,18,0
509510,30,0
509511,36,1
509512,59,0
509513,18,0
509514,35,1
509515,53,1
509516,27,0
509517,33,1
509518,40,0
509519,38,1
509520,55,0
509521,41,0
509522,52,0
509523,32,1
509524,27,0
509525,33,1
509526,22,0
509527,42,1
509528,31,1
509529,28,0
509530,42,0
509531,22,0
509532,45,1
509533,30,0
509534,50,1
509535,31,0
509536,44,1
509537,38,1
509538,45,0
509539,37,0
509540,18,1
509541,48,0
509542,35,1
509543,45,1
509544,44,0
509545,27,0
509546,25,0
509547,44,0
509548,32,1
509549,47,1
509550,34,0
509551,48,1
509552,41,0
509553,39,1
509554,32,1
509555,39,0
509556,50,1
509557,35,1
509558,42,0
509559,37,0
509560,37,1
509561,57,0
509562,50,0
509563,37,0
509564,39,1
509565,28,0
509566,34,0
509567,40,0
509568,46,0
509569,45,1
509570,23,0
509571,48,1
509572,35,0
509573,24,1
509574,52,0
509575,54,1
509576,39,0
509577,45,1
509578,45,0
509579,53,0
509580,45,1
509581,20,0
509582,60,0
509583,49,1
509584,30,1
509585,24,1
509586,42,1
509587,33,0
509588,40,0
509589,45,1
509590,29,0
509591,23,0
509592,41,0
509593,30,0
509594,38,0
509595,20,0
509596,33,1
509597,45,1
509598,43,1
509599,27,0
509600,22,0
509601,36,1
509602,43,0
509603,41,0
509604,30,1
509605,40,1
509606,54,0
509607,38,1
509608,18,1
509609,38,1
509610,61,0
509611,21,1
509612,36,1
509613,33,0
509614,37,1
509615,38,1
509616,50,0
509617,37,0
509618,51,0
509619,35,1
509620,32,0
509621,28,0
509622,18,0
509623,39,1
509624,61,1
509625,41,0
509626,44,1
509627,31,0
509628,33,0
509629,48,1
509630,60,0
509631,54,1
509632,46,1
509633,36,1
509634,39,0
509635,27,0
509636,19,0
509637,22,1
509638,37,1
509639,32,1
509640,18,1
509641,36,0
509642,32,1
509643,22,1
509644,32,0
509645,32,1
509646,29,1
509647,47,1
509648,18,1
509649,18,0
509650,36,1
509651,37,0
509652,41,1
509653,30,0
509654,25,1
509655,36,0
509656,31,0
509657,55,0
509658,32,1
509659,35,0
509660,66,0
509661,34,0
509662,43,0
509663,44,1
509664,45,0
509665,39,0
509666,38,0
509667,37,0
509668,29,0
509669,40,0
509670,60,0
509671,51,0
509672,40,0
509673,46,1
509674,26,0
509675,33,1
509676,47,1
509677,54,1
509678,27,0
509679,30,1
509680,62,1
509681,37,1
509682,58,1
509683,38,0
509684,39,1
509685,32,1
509686,47,0
509687,52,0
509688,24,1
509689,32,0
509690,47,1
509691,34,0
509692,30,1
509693,48,0
509694,49,1
509695,31,0
509696,39,1
509697,21,0
509698,25,0
509699,37,0
509700,36,0
509701,24,1
509702,27,0
509703,23,0
509704,41,1
509705,18,0
509706,24,0
509707,18,1
509708,41,0
509709,18,1
509710,36,1
509711,56,0
509712,56,1
509713,18,1
509714,40,0
509715,24,1
509716,22,0
509717,35,1
509718,51,1
509719,43,0
509720,27,0
509721,44,0
509722,18,1
509723,27,1
509724,26,0
509725,37,0
509726,34,1
509727,34,0
509728,34,0
509729,36,0
509730,42,1
509731,38,0
509732,33,1
509733,41,1
509734,46,0
509735,29,1
509736,35,0
509737,50,0
509738,23,1
509739,58,0
509740,20,1
509741,32,1
509742,25,0
509743,62,1
509744,30,1
509745,30,0
509746,32,0
509747,37,1
509748,32,0
509749,34,0
509750,18,0
509751,37,0
509752,36,0
509753,48,1
509754,52,1
509755,34,1
509756,46,0
509757,23,0
509758,45,0
509759,29,0
509760,22,1
509761,34,0
509762,53,1
509763,38,0
509764,54,1
509765,27,1
509766,49,1
509767,28,1
509768,39,1
509769,39,1
509770,44,0
509771,39,0
509772,27,1
509773,47,0
509774,57,1
509775,29,0
509776,18,1
509777,42,0
509778,32,1
509779,34,0
509780,43,0
509781,31,1
509782,33,0
509783,35,0
509784,54,1
509785,36,1
509786,21,0
509787,22,1
509788,38,0
509789,22,0
509790,18,1
509791,44,0
509792,44,0
509793,32,0
509794,40,1
509795,38,1
509796,43,0
509797,43,1
509798,18,1
509799,33,0
509800,42,1
509801,31,0
509802,36,0
509803,45,0
509804,37,0
509805,54,1
509806,50,1
509807,35,1
509808,34,0
509809,18,0
509810,32,0
509811,20,0
509812,39,1
509813,38,1
509814,44,1
509815,53,1
509816,36,0
509817,63,0
509818,39,0
509819,20,1
509820,29,0
509821,32,0
509822,43,1
509823,25,0
509824,32,1
509825,34,0
509826,31,0
509827,46,0
509828,44,1
509829,50,1
509830,32,0
509831,50,1
509832,20,1
509833,19,1
509834,21,1
509835,36,1
509836,50,0
509837,29,0
509838,30,0
509839,33,0
509840,43,1
509841,30,1
509842,30,0
509843,20,1
509844,29,1
509845,50,0
509846,37,1
509847,27,0
509848,51,0
509849,29,0
509850,53,1
509851,53,0
509852,37,0
509853,18,1
509854,63,1
509855,41,0
509856,32,0
509857,47,1
509858,44,1
509859,52,0
509860,28,0
509861,40,0
509862,22,1
509863,44,1
509864,36,1
509865,39,0
509866,34,1
509867,33,0
509868,26,1
509869,45,0
509870,54,0
509871,29,0
509872,43,0
509873,41,0
509874,36,1
509875,18,1
509876,20,1
509877,27,1
509878,18,0
509879,53,1
509880,40,0
509881,36,0
509882,18,0
509883,18,0
509884,36,1
509885,60,0
509886,28,0
509887,46,1
509888,30,0
509889,37,1
509890,51,0
509891,32,1
509892,28,1
509893,53,0
509894,37,1
509895,49,0
509896,28,0
509897,53,1
509898,39,1
509899,41,0
509900,38,0
509901,30,0
509902,36,1
509903,31,1
509904,48,0
509905,34,1
509906,18,0
509907,18,1
509908,18,1
509909,43,1
509910,22,0
509911,40,0
509912,38,0
509913,35,1
509914,41,1
509915,38,0
509916,18,0
509917,32,0
509918,41,1
509919,56,1
509920,56,0
509921,20,1
509922,32,0
509923,18,1
509924,54,0
509925,48,0
509926,40,1
509927,38,1
509928,53,0
509929,51,1
509930,50,0
509931,41,0
509932,32,1
509933,45,1
509934,46,0
509935,34,1
509936,32,1
509937,50,0
509938,56,0
509939,27,0
509940,33,1
509941,40,1
509942,42,0
509943,30,0
509944,59,0
509945,41,1
509946,42,1
509947,57,0
509948,31,1
509949,35,0
509950,21,1
509951,34,1
509952,18,1
509953,45,0
509954,41,1
509955,33,1
509956,35,1
509957,45,1
509958,22,1
509959,38,0
509960,44,0
509961,18,1
509962,44,0
509963,18,1
509964,35,1
509965,22,1
509966,53,1
509967,22,1
509968,18,1
509969,38,1
509970,31,0
509971,18,0
509972,42,0
509973,18,1
509974,24,0
509975,29,1
509976,46,0
509977,52,0
509978,49,1
509979,34,0
509980,18,1
509981,41,0
509982,54,0
509983,51,0
509984,42,1
509985,22,0
509986,30,1
509987,59,1
509988,19,0
509989,22,0
509990,47,0
509991,31,1
509992,22,1
509993,54,0
509994,42,1
509995,31,0
509996,22,1
509997,61,0
509998,36,0
509999,53,0
510000,47,1
510001,30,1
510002,30,0
510003,53,0
510004,54,1
510005,18,0
510006,43,1
510007,35,0
510008,24,0
510009,39,1
510010,20,0
510011,30,1
510012,26,0
510013,30,0
510014,35,0
510015,24,0
510016,55,1
510017,42,1
510018,58,1
510019,34,0
510020,29,0
510021,57,0
510022,29,1
510023,34,0
510024,45,0
510025,21,1
510026,45,0
510027,43,1
510028,51,0
510029,47,1
510030,52,1
510031,35,0
510032,26,1
510033,61,1
510034,18,0
510035,19,1
510036,43,1
510037,55,1
510038,38,1
510039,48,0
510040,18,0
510041,30,0
510042,18,0
510043,45,0
510044,18,0
510045,21,0
510046,42,1
510047,49,0
510048,34,0
510049,43,1
510050,42,1
510051,33,0
510052,23,1
510053,43,1
510054,43,1
510055,47,0
510056,40,0
510057,22,1
510058,44,0
510059,36,1
510060,30,1
510061,32,1
510062,28,1
510063,47,1
510064,19,1
510065,24,1
510066,32,0
510067,55,1
510068,49,1
510069,18,1
510070,52,0
510071,52,0
510072,22,1
510073,18,0
510074,35,1
510075,49,1
510076,55,0
510077,26,0
510078,57,1
510079,18,0
510080,32,1
510081,31,1
510082,50,1
510083,52,0
510084,47,0
510085,20,1
510086,46,0
510087,42,0
510088,18,1
510089,18,0
510090,48,0
510091,34,1
510092,21,0
510093,34,0
510094,40,0
510095,35,1
510096,18,1
510097,59,1
510098,48,1
510099,32,0
510100,32,1
510101,40,0
510102,22,1
510103,40,1
510104,20,0
510105,35,1
510106,22,1
510107,23,0
510108,56,1
510109,37,1
510110,38,0
510111,18,0
510112,29,1
510113,42,0
510114,38,0
510115,18,1
510116,38,1
510117,40,0
510118,51,0
510119,28,1
510120,18,0
510121,24,1
510122,23,1
510123,45,0
510124,18,1
510125,31,1
510126,53,1
510127,36,0
510128,47,0
510129,18,1
510130,18,1
510131,53,1
510132,37,0
510133,37,1
510134,23,0
510135,37,1
510136,22,1
510137,50,1
510138,69,0
510139,42,1
510140,28,0
510141,18,0
510142,18,1
510143,55,1
510144,24,1
510145,32,1
510146,44,0
510147,54,0
510148,34,1
510149,31,1
510150,37,0
510151,28,0
510152,29,0
510153,41,1
510154,38,0
510155,62,1
510156,41,0
510157,50,0
510158,23,0
510159,42,0
510160,27,1
510161,41,0
510162,44,0
510163,37,1
510164,65,0
510165,53,0
510166,50,0
510167,45,0
510168,57,0
510169,19,1
510170,52,0
510171,24,1
510172,29,1
510173,43,0
510174,51,1
510175,22,0
510176,30,0
510177,37,1
510178,34,0
510179,46,1
510180,77,1
510181,41,0
510182,27,0
510183,20,1
510184,32,0
510185,25,0
510186,42,0
510187,41,0
510188,30,1
510189,60,0
510190,27,0
510191,35,1
510192,44,1
510193,47,1
510194,51,1
510195,41,0
510196,49,0
510197,28,1
510198,47,0
510199,47,1
510200,54,0
510201,18,1
510202,25,1
510203,46,1
510204,18,0
510205,42,1
510206,49,1
510207,29,1
510208,31,1
510209,23,0
510210,30,0
510211,30,0
510212,28,1
510213,27,1
510214,33,0
510215,33,1
510216,58,0
510217,31,1
510218,40,0
510219,29,0
510220,29,0
510221,18,1
510222,18,1
510223,22,0
510224,38,0
510225,49,1
510226,18,0
510227,29,1
510228,20,0
510229,33,1
510230,49,1
510231,31,0
510232,35,1
510233,53,0
510234,41,1
510235,27,1
510236,38,0
510237,26,1
510238,41,0
510239,42,1
510240,20,1
510241,38,1
510242,35,1
510243,43,1
510244,46,0
510245,42,0
510246,32,1
510247,47,0
510248,26,0
510249,20,0
510250,18,1
510251,35,1
510252,26,0
510253,41,0
510254,18,1
510255,28,0
510256,42,1
510257,24,1
510258,41,1
510259,29,0
510260,36,1
510261,43,1
510262,47,0
510263,37,1
510264,26,0
510265,31,1
510266,44,1
510267,24,0
510268,34,0
510269,31,0
510270,35,0
510271,24,1
510272,18,0
510273,42,1
510274,48,0
510275,18,1
510276,40,1
510277,49,1
510278,43,1
510279,31,1
510280,25,1
510281,37,1
510282,39,0
510283,37,0
510284,34,0
510285,23,1
510286,41,1
510287,42,1
510288,38,1
510289,37,0
510290,56,1
510291,29,0
510292,51,0
510293,27,1
510294,49,0
510295,51,1
510296,32,1
510297,56,1
510298,42,0
510299,25,0
510300,32,0
510301,50,0
510302,47,0
510303,23,0
510304,34,1
510305,38,1
510306,30,1
510307,64,0
510308,39,1
510309,35,0
510310,50,0
510311,32,0
510312,48,1
510313,18,1
510314,31,0
510315,49,1
510316,55,1
510317,27,0
510318,25,1
510319,43,0
510320,29,0
510321,33,1
510322,47,0
510323,29,1
510324,18,0
510325,20,1
510326,36,1
510327,18,1
510328,32,1
510329,19,1
510330,56,0
510331,62,0
510332,23,1
510333,39,0
510334,24,0
510335,32,1
510336,58,0
510337,30,0
510338,33,1
510339,25,1
510340,50,1
510341,18,0
510342,31,0
510343,35,1
510344,28,0
510345,46,1
510346,50,0
510347,19,0
510348,61,0
510349,19,0
510350,51,0
510351,38,1
510352,30,1
510353,31,0
510354,36,1
510355,39,0
510356,25,0
510357,33,1
510358,27,1
510359,21,1
510360,26,0
510361,22,0
510362,31,1
510363,41,1
510364,37,1
510365,60,1
510366,18,0
510367,42,1
510368,36,1
510369,46,0
510370,45,0
510371,34,1
510372,38,0
510373,27,1
510374,43,1
510375,18,0
510376,45,1
510377,36,1
510378,30,0
510379,33,1
510380,34,0
510381,52,1
510382,75,0
510383,51,0
510384,29,1
510385,44,0
510386,44,0
510387,25,0
510388,21,1
510389,35,1
510390,46,0
510391,18,0
510392,27,0
510393,43,1
510394,37,0
510395,53,1
510396,19,0
510397,64,1
510398,18,1
510399,18,0
510400,35,1
510401,22,0
510402,36,1
510403,35,0
510404,34,0
510405,26,0
510406,41,0
510407,32,1
510408,49,1
510409,34,0
510410,24,1
510411,18,1
510412,34,0
510413,21,0
510414,20,1
510415,42,0
510416,18,1
510417,53,0
510418,38,0
510419,35,1
510420,24,1
510421,45,1
510422,36,0
510423,28,1
510424,38,1
510425,18,1
510426,18,1
510427,23,1
510428,40,1
510429,36,1
510430,49,1
510431,25,0
510432,43,1
510433,35,1
510434,25,0
510435,41,0
510436,35,0
510437,28,1
510438,37,0
510439,34,0
510440,34,0
510441,31,0
510442,20,1
510443,37,0
510444,26,0
510445,24,0
510446,33,1
510447,45,1
510448,38,0
510449,30,0
510450,29,1
510451,44,1
510452,18,1
510453,46,0
510454,18,1
510455,19,1
510456,30,0
510457,62,1
510458,56,1
510459,44,1
510460,40,1
510461,18,0
510462,38,0
510463,29,0
510464,26,1
510465,38,0
510466,30,0
510467,46,1
510468,18,0
510469,37,1
510470,25,0
510471,31,0
510472,40,0
510473,23,0
510474,38,0
510475,33,0
510476,28,1
510477,30,0
510478,34,0
510479,27,0
510480,36,0
510481,33,0
510482,29,0
510483,55,1
510484,41,1
510485,31,1
510486,38,1
510487,24,1
510488,31,0
510489,32,0
510490,21,1
510491,41,0
510492,30,0
510493,32,1
510494,29,0
510495,72,0
510496,28,1
510497,18,0
510498,18,0
510499,45,0
510500,52,0
510501,28,1
510502,51,1
510503,45,0
510504,34,0
510505,33,0
510506,38,1
510507,47,0
510508,41,0
510509,28,1
510510,34,1
510511,60,1
510512,39,1
510513,46,1
510514,42,1
510515,39,1
510516,37,0
510517,47,0
510518,45,0
510519,39,1
510520,28,1
510521,41,1
510522,35,0
510523,32,1
510524,68,0
510525,18,0
510526,48,1
510527,26,1
510528,38,1
510529,67,0
510530,24,0
510531,27,0
510532,36,0
510533,26,1
510534,47,0
510535,30,0
510536,44,0
510537,20,1
510538,18,1
510539,33,0
510540,18,0
510541,54,1
510542,18,1
510543,24,0
510544,41,0
510545,29,1
510546,18,1
510547,60,0
510548,24,0
510549,34,0
510550,33,0
510551,45,0
510552,42,0
510553,26,0
510554,32,0
510555,33,0
510556,45,0
510557,22,1
510558,60,0
510559,27,1
510560,36,1
510561,22,1
510562,20,0
510563,26,0
510564,24,1
510565,31,0
510566,24,0
510567,44,0
510568,27,1
510569,25,1
510570,31,0
510571,48,1
510572,39,1
510573,35,0
510574,19,0
510575,22,0
510576,21,1
510577,52,1
510578,42,1
510579,26,1
510580,29,0
510581,26,1
510582,25,1
510583,42,1
510584,33,0
510585,61,0
510586,51,0
510587,52,0
510588,44,1
510589,31,1
510590,43,1
510591,32,0
510592,56,0
510593,41,0
510594,39,1
510595,38,1
510596,57,0
510597,19,1
510598,58,1
510599,34,0
510600,19,0
510601,27,0
510602,18,0
510603,44,1
510604,24,0
510605,38,1
510606,50,1
510607,28,1
510608,33,1
510609,20,0
510610,31,1
510611,67,0
510612,45,1
510613,33,0
510614,29,0
510615,35,0
510616,38,1
510617,31,1
510618,42,1
510619,25,0
510620,24,1
510621,40,1
510622,22,0
510623,45,0
510624,36,0
510625,18,1
510626,37,0
510627,18,0
510628,44,1
510629,33,1
510630,58,0
510631,49,1
510632,23,0
510633,18,1
510634,27,0
510635,21,0
510636,58,1
510637,36,0
510638,47,1
510639,33,0
510640,34,0
510641,36,1
510642,49,1
510643,40,1
510644,23,1
510645,55,0
510646,32,0
510647,31,0
510648,18,1
510649,44,0
510650,37,0
510651,37,1
510652,31,0
510653,29,1
510654,32,0
510655,42,0
510656,44,0
510657,33,0
510658,47,1
510659,35,0
510660,30,1
510661,38,1
510662,20,0
510663,39,1
510664,18,1
510665,24,0
510666,18,1
510667,34,0
510668,55,1
510669,35,0
510670,44,1
510671,64,1
510672,41,1
510673,27,1
510674,28,0
510675,36,1
510676,28,0
510677,29,0
510678,48,0
510679,48,1
510680,18,1
510681,26,0
510682,30,1
510683,43,1
510684,50,0
510685,68,0
510686,30,1
510687,31,1
510688,43,0
510689,28,0
510690,34,0
510691,31,0
510692,18,0
510693,37,0
510694,34,0
510695,51,1
510696,36,0
510697,21,0
510698,33,0
510699,18,1
510700,21,0
510701,44,0
510702,33,0
510703,47,1
510704,18,0
510705,33,0
510706,30,1
510707,47,1
510708,44,0
510709,44,0
510710,54,1
510711,32,1
510712,52,1
510713,23,1
510714,23,1
510715,45,1
510716,18,0
510717,43,1
510718,37,1
510719,49,1
510720,35,0
510721,37,0
510722,42,1
510723,28,1
510724,28,0
510725,42,1
510726,36,0
510727,31,0
510728,35,1
510729,55,1
510730,31,0
510731,30,0
510732,18,0
510733,35,1
510734,44,1
510735,46,1
510736,37,1
510737,47,0
510738,45,0
510739,49,1
510740,48,0
510741,55,0
510742,34,1
510743,20,1
510744,44,0
510745,45,0
510746,55,1
510747,51,0
510748,59,0
510749,43,1
510750,39,1
510751,19,0
510752,40,0
510753,29,0
510754,39,0
510755,37,1
510756,42,1
510757,35,0
510758,47,1
510759,18,0
510760,38,1
510761,50,1
510762,58,0
510763,45,0
510764,56,1
510765,38,0
510766,36,0
510767,42,0
510768,36,0
510769,27,0
510770,30,0
510771,23,0
510772,42,0
510773,36,1
510774,32,1
510775,29,1
510776,42,1
510777,45,1
510778,22,0
510779,21,0
510780,47,0
510781,19,0
510782,43,1
510783,55,0
510784,55,1
510785,45,0
510786,45,0
510787,63,0
510788,18,0
510789,30,0
510790,46,1
510791,32,0
510792,51,1
510793,36,1
510794,38,0
510795,33,1
510796,30,0
510797,29,0
510798,39,0
510799,27,1
510800,47,1
510801,44,1
510802,49,1
510803,22,0
510804,18,1
510805,36,1
510806,71,0
510807,51,0
