id_cliente,recibe_boletin,utiliza_vale
504308,1,0
504309,0,0
504310,1,1
504311,1,0
504312,0,0
504313,0,1
504314,1,0
504315,1,1
504316,0,1
504317,1,0
504318,1,0
504319,1,1
504320,0,0
504321,0,0
504322,0,1
504323,1,0
504324,0,0
504325,1,0
504326,0,1
504327,0,1
504328,0,0
504329,1,0
504330,0,0
504331,1,0
504332,1,0
504333,1,1
504334,1,0
504335,1,0
504336,1,1
504337,0,0
504338,1,0
504339,1,0
504340,0,0
504341,0,0
504342,1,0
504343,1,0
504344,0,0
504345,1,1
504346,0,0
504347,0,1
504348,1,1
504349,0,0
504350,0,1
504351,1,0
504352,0,0
504353,0,0
504354,1,1
504355,0,0
504356,1,0
504357,1,1
504358,1,1
504359,0,1
504360,0,1
504361,0,0
504362,0,0
504363,1,0
504364,1,0
504365,1,1
504366,1,1
504367,0,0
504368,1,1
504369,0,1
504370,1,0
504371,1,0
504372,1,1
504373,1,0
504374,0,0
504375,0,0
504376,0,1
504377,1,1
504378,0,0
504379,1,0
504380,0,0
504381,1,0
504382,1,0
504383,0,0
504384,1,1
504385,1,0
504386,1,0
504387,0,0
504388,1,0
504389,0,0
504390,0,0
504391,0,0
504392,1,0
504393,0,1
504394,1,0
504395,0,0
504396,0,0
504397,1,1
504398,0,1
504399,0,0
504400,0,0
504401,0,0
504402,0,0
504403,1,1
504404,1,1
504405,0,1
504406,0,0
504407,1,0
504408,0,0
504409,0,0
504410,0,0
504411,1,0
504412,1,1
504413,0,0
504414,0,0
504415,1,0
504416,0,1
504417,0,0
504418,1,0
504419,0,0
504420,0,0
504421,1,0
504422,1,0
504423,0,0
504424,0,0
504425,0,0
504426,0,1
504427,0,1
504428,0,0
504429,0,0
504430,0,1
504431,0,1
504432,1,0
504433,1,0
504434,1,0
504435,0,0
504436,1,0
504437,0,0
504438,1,1
504439,0,0
504440,1,0
504441,1,0
504442,0,0
504443,1,0
504444,1,1
504445,1,0
504446,0,0
504447,0,0
504448,1,0
504449,0,0
504450,1,0
504451,0,0
504452,0,0
504453,1,0
504454,1,0
504455,1,0
504456,1,1
504457,1,0
504458,1,1
504459,1,0
504460,1,0
504461,1,0
504462,1,0
504463,1,0
504464,1,0
504465,0,0
504466,1,0
504467,1,0
504468,1,1
504469,0,0
504470,0,1
504471,0,0
504472,0,1
504473,0,0
504474,0,0
504475,0,0
504476,1,0
504477,0,0
504478,1,0
504479,0,0
504480,0,0
504481,0,0
504482,0,0
504483,0,1
504484,1,0
504485,0,0
504486,1,1
504487,1,0
504488,0,0
504489,1,0
504490,0,0
504491,0,0
504492,1,0
504493,1,0
504494,0,0
504495,1,0
504496,0,0
504497,0,0
504498,1,0
504499,1,0
504500,1,0
504501,1,0
504502,1,1
504503,1,1
504504,0,0
504505,0,0
504506,0,0
504507,0,0
504508,1,0
504509,1,1
504510,1,1
504511,0,0
504512,0,0
504513,0,0
504514,1,0
504515,0,0
504516,0,1
504517,1,1
504518,0,0
504519,1,0
504520,0,0
504521,0,0
504522,1,1
504523,0,0
504524,0,0
504525,1,0
504526,0,0
504527,0,1
504528,0,0
504529,1,0
504530,1,1
504531,1,0
504532,1,1
504533,0,1
504534,0,0
504535,1,0
504536,0,0
504537,1,0
504538,1,1
504539,1,1
504540,0,0
504541,1,0
504542,1,1
504543,0,0
504544,0,0
504545,0,0
504546,0,0
504547,1,1
504548,1,0
504549,0,0
504550,0,1
504551,1,1
504552,0,0
504553,1,1
504554,1,0
504555,0,0
504556,1,1
504557,0,0
504558,0,1
504559,1,0
504560,0,0
504561,0,1
504562,1,1
504563,0,0
504564,0,1
504565,1,0
504566,0,0
504567,0,0
504568,0,1
504569,1,1
504570,0,0
504571,1,1
504572,0,0
504573,1,1
504574,1,1
504575,1,1
504576,1,0
504577,0,0
504578,0,0
504579,0,0
504580,0,0
504581,0,0
504582,1,0
504583,0,0
504584,1,0
504585,1,0
504586,0,0
504587,0,0
504588,1,0
504589,0,0
504590,0,0
504591,1,0
504592,1,0
504593,0,0
504594,0,0
504595,0,0
504596,0,0
504597,0,1
504598,1,0
504599,1,0
504600,0,0
504601,1,1
504602,1,1
504603,0,1
504604,1,0
504605,1,0
504606,1,0
504607,0,0
504608,1,0
504609,0,0
504610,0,0
504611,1,0
504612,1,0
504613,1,0
504614,0,0
504615,0,0
504616,1,0
504617,1,0
504618,1,0
504619,0,0
504620,1,0
504621,0,0
504622,0,1
504623,1,0
504624,0,0
504625,1,1
504626,1,0
504627,1,0
504628,0,0
504629,0,1
504630,0,0
504631,1,0
504632,1,1
504633,0,0
504634,1,0
504635,0,0
504636,0,0
504637,0,0
504638,0,0
504639,0,0
504640,0,0
504641,0,0
504642,1,0
504643,0,0
504644,1,0
504645,1,0
504646,0,0
504647,1,0
504648,0,1
504649,0,0
504650,1,1
504651,1,0
504652,0,0
504653,1,0
504654,1,0
504655,0,0
504656,0,0
504657,1,1
504658,1,0
504659,1,0
504660,1,1
504661,0,0
504662,0,0
504663,1,0
504664,1,0
504665,0,0
504666,1,1
504667,0,0
504668,0,0
504669,1,0
504670,0,0
504671,0,0
504672,0,0
504673,0,0
504674,1,1
504675,0,0
504676,0,0
504677,1,0
504678,1,0
504679,1,0
504680,1,0
504681,1,0
504682,1,1
504683,0,0
504684,0,1
504685,0,1
504686,1,0
504687,1,0
504688,1,1
504689,1,1
504690,1,0
504691,0,0
504692,0,0
504693,1,0
504694,0,0
504695,1,0
504696,0,0
504697,0,0
504698,1,0
504699,0,0
504700,0,1
504701,0,0
504702,0,0
504703,1,1
504704,0,0
504705,1,1
504706,0,0
504707,1,0
504708,0,0
504709,0,0
504710,1,0
504711,1,0
504712,1,1
504713,1,0
504714,0,0
504715,0,0
504716,1,1
504717,1,0
504718,1,0
504719,0,1
504720,0,0
504721,1,0
504722,1,0
504723,0,0
504724,1,1
504725,0,0
504726,1,0
504727,1,0
504728,0,0
504729,0,1
504730,0,0
504731,1,0
504732,0,0
504733,1,0
504734,1,0
504735,1,0
504736,0,0
504737,0,1
504738,1,0
504739,0,0
504740,0,0
504741,0,0
504742,1,0
504743,1,0
504744,1,0
504745,0,0
504746,1,1
504747,0,0
504748,1,1
504749,0,0
504750,0,0
504751,0,0
504752,0,0
504753,0,0
504754,1,0
504755,0,0
504756,1,0
504757,0,0
504758,0,1
504759,0,0
504760,1,0
504761,0,0
504762,1,1
504763,0,0
504764,0,1
504765,0,0
504766,1,1
504767,0,0
504768,0,0
504769,0,0
504770,0,0
504771,0,0
504772,1,0
504773,1,1
504774,0,1
504775,0,0
504776,0,0
504777,1,1
504778,1,0
504779,0,0
504780,1,0
504781,0,0
504782,0,1
504783,1,0
504784,1,0
504785,0,0
504786,1,0
504787,1,1
504788,0,0
504789,0,0
504790,0,0
504791,1,0
504792,0,0
504793,0,0
504794,0,0
504795,0,0
504796,1,0
504797,0,0
504798,1,0
504799,1,0
504800,0,0
504801,1,0
504802,0,0
504803,1,0
504804,1,0
504805,0,0
504806,0,0
504807,0,0
504808,0,0
504809,1,0
504810,0,0
504811,0,0
504812,1,0
504813,0,0
504814,1,0
504815,1,0
504816,1,0
504817,0,0
504818,1,1
504819,1,0
504820,1,1
504821,1,0
504822,0,0
504823,0,0
504824,1,0
504825,0,0
504826,0,0
504827,0,0
504828,1,0
504829,1,1
504830,1,1
504831,0,0
504832,0,0
504833,0,0
504834,1,1
504835,0,0
504836,1,1
504837,0,0
504838,1,0
504839,1,1
504840,1,1
504841,1,0
504842,1,0
504843,1,0
504844,0,0
504845,1,1
504846,1,1
504847,0,1
504848,0,0
504849,1,0
504850,1,1
504851,1,0
504852,0,0
504853,1,0
504854,0,0
504855,0,0
504856,1,0
504857,0,0
504858,0,0
504859,0,0
504860,0,0
504861,0,0
504862,0,0
504863,0,1
504864,1,0
504865,0,0
504866,1,0
504867,1,0
504868,0,0
504869,0,0
504870,0,0
504871,1,0
504872,1,0
504873,0,0
504874,0,1
504875,0,0
504876,1,0
504877,0,0
504878,1,0
504879,1,0
504880,1,0
504881,0,0
504882,0,0
504883,0,1
504884,1,0
504885,0,0
504886,0,0
504887,0,0
504888,1,0
504889,1,0
504890,1,0
504891,1,1
504892,1,1
504893,1,0
504894,0,0
504895,0,0
504896,1,0
504897,1,0
504898,1,0
504899,0,0
504900,1,0
504901,0,0
504902,1,0
504903,0,0
504904,0,1
504905,0,0
504906,0,0
504907,0,0
504908,1,1
504909,1,1
504910,1,0
504911,1,0
504912,1,0
504913,1,0
504914,0,0
504915,0,0
504916,1,0
504917,0,0
504918,1,0
504919,1,0
504920,0,0
504921,0,1
504922,1,1
504923,1,0
504924,0,0
504925,1,1
504926,0,0
504927,0,0
504928,1,1
504929,0,0
504930,1,1
504931,0,1
504932,1,0
504933,1,0
504934,1,0
504935,1,0
504936,1,0
504937,0,0
504938,0,0
504939,0,0
504940,0,1
504941,0,0
504942,1,0
504943,0,0
504944,1,1
504945,0,0
504946,0,0
504947,0,1
504948,1,1
504949,0,0
504950,1,1
504951,0,0
504952,0,0
504953,0,0
504954,0,0
504955,0,0
504956,0,0
504957,1,1
504958,1,0
504959,0,0
504960,1,0
504961,1,0
504962,0,0
504963,0,0
504964,0,1
504965,1,0
504966,0,0
504967,0,0
504968,0,0
504969,0,0
504970,0,0
504971,1,0
504972,1,0
504973,0,0
504974,0,0
504975,0,0
504976,0,0
504977,1,0
504978,1,0
504979,1,0
504980,0,0
504981,1,0
504982,1,0
504983,0,1
504984,1,0
504985,1,0
504986,1,0
504987,0,0
504988,0,1
504989,1,0
504990,0,0
504991,1,1
504992,0,0
504993,0,0
504994,1,0
504995,0,0
504996,0,0
504997,1,0
504998,1,0
504999,1,0
505000,0,0
505001,1,1
505002,1,1
505003,1,0
505004,1,0
505005,0,0
505006,0,0
505007,0,0
505008,0,0
505009,1,0
505010,1,1
505011,1,0
505012,1,0
505013,1,1
505014,1,0
505015,0,0
505016,1,0
505017,0,0
505018,0,0
505019,1,0
505020,1,0
505021,0,0
505022,1,0
505023,1,0
505024,0,0
505025,1,0
505026,1,0
505027,1,0
505028,0,0
505029,0,0
505030,0,0
505031,0,0
505032,1,0
505033,1,0
505034,0,0
505035,0,0
505036,1,1
505037,0,0
505038,0,0
505039,1,0
505040,0,0
505041,0,0
505042,1,0
505043,0,0
505044,1,1
505045,1,0
505046,0,0
505047,0,0
505048,1,0
505049,0,0
505050,0,0
505051,1,0
505052,0,0
505053,1,1
505054,0,0
505055,0,0
505056,1,0
505057,1,0
505058,1,1
505059,0,0
505060,1,0
505061,0,0
505062,1,0
505063,0,0
505064,1,0
505065,1,1
505066,0,0
505067,0,0
505068,0,0
505069,1,0
505070,1,0
505071,1,1
505072,0,0
505073,0,0
505074,0,1
505075,0,0
505076,1,0
505077,0,1
505078,0,0
505079,0,0
505080,0,0
505081,1,1
505082,0,1
505083,1,0
505084,0,0
505085,1,0
505086,0,0
505087,1,0
505088,0,1
505089,1,0
505090,1,0
505091,1,0
505092,1,0
505093,0,0
505094,0,0
505095,1,0
505096,1,0
505097,0,0
505098,0,0
505099,0,1
505100,1,0
505101,0,0
505102,1,0
505103,0,0
505104,1,1
505105,0,0
505106,0,0
505107,1,0
505108,1,0
505109,1,0
505110,1,0
505111,0,0
505112,0,0
505113,0,0
505114,0,0
505115,1,0
505116,0,0
505117,0,0
505118,1,0
505119,0,0
505120,0,0
505121,0,0
505122,1,0
505123,0,0
505124,1,0
505125,1,0
505126,1,0
505127,1,0
505128,1,0
505129,1,0
505130,1,0
505131,0,0
505132,0,0
505133,1,0
505134,0,0
505135,1,1
505136,1,0
505137,0,0
505138,0,0
505139,0,0
505140,0,0
505141,1,0
505142,0,0
505143,0,0
505144,1,1
505145,0,0
505146,0,0
505147,0,0
505148,1,1
505149,0,0
505150,0,1
505151,0,0
505152,1,0
505153,1,1
505154,0,0
505155,0,0
505156,1,0
505157,1,1
505158,1,0
505159,1,0
505160,0,1
505161,0,0
505162,1,1
505163,0,0
505164,0,0
505165,1,0
505166,1,0
505167,0,0
505168,1,1
505169,0,0
505170,1,0
505171,1,0
505172,1,1
505173,1,1
505174,1,0
505175,1,1
505176,0,0
505177,0,0
505178,0,0
505179,0,0
505180,1,1
505181,0,0
505182,1,0
505183,0,0
505184,0,1
505185,0,1
505186,0,0
505187,0,0
505188,1,0
505189,0,0
505190,1,1
505191,0,0
505192,1,0
505193,1,0
505194,0,1
505195,0,0
505196,1,0
505197,1,0
505198,0,1
505199,1,0
505200,0,1
505201,0,0
505202,0,0
505203,1,0
505204,0,0
505205,1,1
505206,0,0
505207,0,0
505208,0,0
505209,0,0
505210,1,0
505211,1,0
505212,0,0
505213,0,0
505214,0,1
505215,1,0
505216,1,1
505217,1,0
505218,0,0
505219,1,1
505220,0,0
505221,1,0
505222,0,0
505223,0,1
505224,0,0
505225,1,1
505226,0,0
505227,1,0
505228,1,0
505229,1,0
505230,0,0
505231,0,0
505232,1,0
505233,1,0
505234,1,1
505235,0,0
505236,1,0
505237,0,0
505238,1,0
505239,0,0
505240,0,0
505241,1,0
505242,0,0
505243,1,1
505244,0,0
505245,1,0
505246,0,0
505247,0,0
505248,0,0
505249,1,0
505250,1,1
505251,0,0
505252,0,0
505253,0,0
505254,1,0
505255,1,1
505256,1,0
505257,0,0
505258,0,0
505259,0,0
505260,1,0
505261,0,0
505262,0,0
505263,1,0
505264,1,0
505265,0,0
505266,0,0
505267,1,0
505268,1,0
505269,0,0
505270,0,0
505271,0,0
505272,1,0
505273,0,0
505274,0,0
505275,0,0
505276,1,1
505277,0,0
505278,0,0
505279,0,0
505280,1,1
505281,1,0
505282,1,0
505283,0,0
505284,0,0
505285,0,0
505286,1,0
505287,1,0
505288,0,0
505289,1,0
505290,0,0
505291,1,1
505292,0,0
505293,0,0
505294,0,0
505295,0,0
505296,0,0
505297,1,0
505298,1,0
505299,0,0
505300,0,0
505301,1,0
505302,1,0
505303,0,0
505304,1,0
505305,1,0
505306,1,0
505307,0,0
505308,1,0
505309,0,1
505310,1,0
505311,1,1
505312,1,0
505313,0,0
505314,1,1
505315,1,0
505316,1,0
505317,1,0
505318,0,0
505319,1,1
505320,1,1
505321,1,1
505322,1,0
505323,1,0
505324,0,0
505325,0,0
505326,0,0
505327,0,0
505328,1,1
505329,1,0
505330,0,1
505331,1,0
505332,1,0
505333,0,0
505334,1,0
505335,1,0
505336,1,1
505337,1,0
505338,0,0
505339,0,0
505340,0,0
505341,1,0
505342,0,0
505343,1,0
505344,1,1
505345,0,0
505346,0,0
505347,0,0
505348,0,0
505349,0,0
505350,1,0
505351,1,0
505352,1,1
505353,0,0
505354,0,0
505355,1,0
505356,1,1
505357,1,1
505358,0,0
505359,1,0
505360,1,1
505361,0,1
505362,0,0
505363,0,0
505364,1,0
505365,0,0
505366,0,0
505367,0,0
505368,0,0
505369,1,0
505370,0,0
505371,0,0
505372,1,1
505373,1,0
505374,0,1
505375,0,0
505376,0,0
505377,0,0
505378,1,0
505379,1,0
505380,0,0
505381,0,1
505382,0,0
505383,1,0
505384,0,0
505385,0,0
505386,0,0
505387,1,1
505388,1,0
505389,0,0
505390,1,1
505391,1,1
505392,0,1
505393,1,0
505394,0,0
505395,1,0
505396,1,1
505397,0,1
505398,0,0
505399,0,0
505400,1,0
505401,1,1
505402,0,0
505403,0,0
505404,0,0
505405,1,0
505406,0,0
505407,1,0
505408,0,1
505409,0,0
505410,0,0
505411,0,0
505412,0,0
505413,1,0
505414,0,0
505415,0,0
505416,1,1
505417,0,0
505418,1,1
505419,1,0
505420,1,1
505421,1,0
505422,0,0
505423,0,0
505424,0,0
505425,0,0
505426,0,1
505427,0,1
505428,1,0
505429,1,0
505430,0,0
505431,1,1
505432,1,0
505433,0,1
505434,1,0
505435,1,0
505436,1,1
505437,1,0
505438,0,0
505439,1,1
505440,1,1
505441,1,0
505442,0,0
505443,1,0
505444,1,0
505445,1,0
505446,0,0
505447,0,0
505448,0,0
505449,1,0
505450,0,0
505451,1,0
505452,1,1
505453,0,0
505454,1,0
505455,0,1
505456,0,1
505457,0,0
505458,1,0
505459,1,0
505460,0,0
505461,1,0
505462,0,0
505463,0,0
505464,1,1
505465,1,1
505466,1,0
505467,1,0
505468,0,0
505469,0,0
505470,0,1
505471,1,0
505472,1,0
505473,0,0
505474,0,0
505475,0,0
505476,1,0
505477,0,0
505478,1,1
505479,0,0
505480,1,0
505481,0,0
505482,0,0
505483,0,0
505484,0,0
505485,1,0
505486,1,0
505487,0,0
505488,0,0
505489,0,1
505490,1,1
505491,0,0
505492,0,0
505493,0,0
505494,1,0
505495,0,0
505496,1,0
505497,1,1
505498,0,0
505499,0,0
505500,0,0
505501,1,1
505502,0,0
505503,0,0
505504,0,0
505505,1,1
505506,1,0
505507,0,0
505508,1,1
505509,0,0
505510,0,0
505511,0,0
505512,1,0
505513,1,0
505514,0,0
505515,0,0
505516,0,0
505517,0,0
505518,0,0
505519,0,0
505520,0,1
505521,0,0
505522,0,0
505523,0,0
505524,0,0
505525,0,0
505526,1,0
505527,0,1
505528,0,0
505529,0,0
505530,0,1
505531,1,1
505532,0,0
505533,0,0
505534,0,1
505535,0,0
505536,1,0
505537,1,0
505538,0,0
505539,0,0
505540,0,0
505541,0,0
505542,0,0
505543,0,0
505544,0,0
505545,0,0
505546,0,0
505547,1,0
505548,1,1
505549,0,0
505550,1,1
505551,0,0
505552,0,0
505553,1,1
505554,0,0
505555,1,0
505556,1,1
505557,0,0
505558,0,0
505559,0,0
505560,1,1
505561,0,0
505562,1,0
505563,0,0
505564,0,0
505565,0,0
505566,1,0
505567,1,0
505568,0,0
505569,0,0
505570,0,0
505571,0,0
505572,1,1
505573,0,0
505574,1,1
505575,0,0
505576,1,0
505577,1,0
505578,0,0
505579,1,1
505580,0,0
505581,1,0
505582,0,0
505583,0,0
505584,1,0
505585,1,0
505586,1,0
505587,1,0
505588,1,1
505589,1,0
505590,1,1
505591,0,0
505592,0,0
505593,0,0
505594,1,0
505595,0,1
505596,1,0
505597,1,0
505598,1,0
505599,1,0
505600,1,0
505601,1,0
505602,0,0
505603,1,0
505604,1,0
505605,1,1
505606,0,0
505607,0,0
505608,1,1
505609,1,0
505610,1,1
505611,1,0
505612,1,1
505613,0,0
505614,1,1
505615,0,0
505616,1,1
505617,0,1
505618,1,0
505619,0,0
505620,0,0
505621,1,0
505622,1,1
505623,1,0
505624,1,1
505625,1,1
505626,0,0
505627,1,0
505628,1,0
505629,1,1
505630,0,0
505631,1,0
505632,0,1
505633,1,1
505634,0,0
505635,0,0
505636,0,0
505637,1,1
505638,1,0
505639,1,0
505640,0,0
505641,1,0
505642,0,1
505643,0,0
505644,1,1
505645,0,0
505646,1,0
505647,0,0
505648,1,0
505649,0,0
505650,0,0
505651,0,0
505652,1,0
505653,0,0
505654,0,0
505655,0,0
505656,0,0
505657,0,0
505658,1,0
505659,0,0
505660,0,0
505661,1,0
505662,0,0
505663,1,1
505664,1,0
505665,1,0
505666,0,0
505667,0,0
505668,0,0
505669,0,0
505670,1,1
505671,0,0
505672,0,0
505673,1,0
505674,1,1
505675,1,0
505676,0,0
505677,1,0
505678,1,0
505679,1,0
505680,0,0
505681,0,0
505682,0,0
505683,1,0
505684,0,0
505685,0,0
505686,0,0
505687,1,0
505688,0,0
505689,0,0
505690,1,0
505691,1,0
505692,1,0
505693,1,0
505694,0,0
505695,0,0
505696,0,0
505697,0,0
505698,0,0
505699,0,0
505700,0,1
505701,1,1
505702,0,0
505703,1,0
505704,1,0
505705,0,0
505706,0,0
505707,1,0
505708,1,1
505709,0,0
505710,0,0
505711,1,1
505712,1,0
505713,1,1
505714,0,0
505715,1,0
505716,0,0
505717,0,0
505718,1,0
505719,0,0
505720,0,0
505721,1,0
505722,1,1
505723,1,1
505724,0,0
505725,0,0
505726,0,0
505727,0,0
505728,0,0
505729,1,0
505730,0,0
505731,0,1
505732,0,0
505733,0,0
505734,0,1
505735,1,0
505736,0,0
505737,1,0
505738,1,0
505739,1,0
505740,1,0
505741,1,1
505742,1,0
505743,0,0
505744,0,0
505745,1,0
505746,1,0
505747,1,0
505748,1,1
505749,0,0
505750,0,0
505751,1,1
505752,1,0
505753,1,0
505754,1,0
505755,0,0
505756,0,0
505757,0,0
505758,0,0
505759,1,0
505760,1,1
505761,1,0
505762,0,0
505763,0,0
505764,0,0
505765,0,0
505766,0,0
505767,0,0
505768,0,0
505769,0,0
505770,1,0
505771,1,0
505772,0,0
505773,1,0
505774,0,0
505775,0,0
505776,1,0
505777,0,0
505778,1,1
505779,0,0
505780,0,0
505781,0,0
505782,0,0
505783,0,0
505784,0,1
505785,0,0
505786,0,0
505787,1,1
505788,1,0
505789,1,0
505790,1,1
505791,1,0
505792,1,0
505793,1,0
505794,1,1
505795,1,0
505796,1,1
505797,1,1
505798,0,0
505799,1,0
505800,0,0
505801,0,0
505802,0,0
505803,0,0
505804,0,0
505805,0,0
505806,0,0
505807,1,1
505808,0,0
505809,1,0
505810,1,1
505811,1,0
505812,1,0
505813,0,0
505814,1,0
505815,1,0
505816,0,1
505817,0,0
505818,1,1
505819,1,0
505820,1,1
505821,1,1
505822,1,0
505823,1,0
505824,0,0
505825,0,1
505826,0,0
505827,0,0
505828,0,0
505829,0,0
505830,1,0
505831,0,0
505832,1,1
505833,1,0
505834,0,0
505835,0,0
505836,0,1
505837,1,1
505838,1,1
505839,0,0
505840,1,0
505841,1,1
505842,0,0
505843,1,0
505844,0,0
505845,0,0
505846,1,1
505847,0,0
505848,1,1
505849,1,0
505850,0,0
505851,1,1
505852,0,1
505853,0,1
505854,0,0
505855,1,0
505856,1,0
505857,0,0
505858,0,0
505859,1,0
505860,1,0
505861,0,0
505862,0,0
505863,0,0
505864,0,0
505865,0,0
505866,1,0
505867,1,0
505868,0,0
505869,1,0
505870,0,0
505871,1,0
505872,0,0
505873,0,0
505874,0,0
505875,0,0
505876,1,1
505877,1,0
505878,0,0
505879,0,0
505880,1,0
505881,1,0
505882,1,1
505883,1,0
505884,1,0
505885,0,0
505886,1,0
505887,0,0
505888,1,0
505889,1,0
505890,0,0
505891,0,0
505892,0,0
505893,1,0
505894,0,1
505895,1,0
505896,0,0
505897,0,0
505898,0,0
505899,1,0
505900,0,0
505901,1,1
505902,1,1
505903,1,0
505904,0,0
505905,1,0
505906,0,0
505907,0,0
505908,1,0
505909,0,0
505910,1,0
505911,0,0
505912,0,0
505913,1,0
505914,0,0
505915,0,0
505916,1,0
505917,0,0
505918,0,0
505919,0,0
505920,0,0
505921,0,0
505922,1,0
505923,0,0
505924,0,0
505925,0,0
505926,1,1
505927,0,0
505928,1,0
505929,0,0
505930,0,0
505931,0,0
505932,0,0
505933,0,0
505934,0,0
505935,1,0
505936,0,0
505937,0,0
505938,0,1
505939,0,0
505940,0,0
505941,0,0
505942,0,0
505943,0,0
505944,0,0
505945,0,0
505946,0,0
505947,0,0
505948,0,0
505949,0,0
505950,0,0
505951,1,0
505952,0,0
505953,0,0
505954,1,0
505955,0,0
505956,0,0
505957,1,0
505958,1,0
505959,1,0
505960,0,0
505961,0,0
505962,0,0
505963,1,0
505964,0,0
505965,0,0
505966,1,0
505967,1,0
505968,0,0
505969,0,0
505970,1,0
505971,1,0
505972,1,0
505973,1,0
505974,1,0
505975,0,0
505976,0,0
505977,1,1
505978,1,0
505979,0,0
505980,0,0
505981,0,0
505982,1,0
505983,0,0
505984,1,0
505985,0,0
505986,0,0
505987,0,0
505988,0,1
505989,1,0
505990,0,0
505991,1,0
505992,1,0
505993,0,0
505994,0,1
505995,0,1
505996,0,1
505997,0,0
505998,0,0
505999,1,0
506000,1,0
506001,1,0
506002,1,1
506003,1,0
506004,1,0
506005,0,0
506006,1,0
506007,1,1
506008,1,0
506009,0,0
506010,1,1
506011,0,0
506012,0,0
506013,0,0
506014,0,0
506015,0,1
506016,0,0
506017,0,0
506018,1,1
506019,1,0
506020,1,0
506021,1,1
506022,1,1
506023,0,0
506024,0,1
506025,0,0
506026,0,0
506027,1,0
506028,0,0
506029,1,0
506030,0,0
506031,0,0
506032,0,0
506033,0,0
506034,1,1
506035,1,0
506036,0,0
506037,1,0
506038,0,0
506039,0,1
506040,0,0
506041,0,0
506042,1,0
506043,1,1
506044,0,0
506045,1,0
506046,1,0
506047,0,0
506048,0,1
506049,0,0
506050,0,0
506051,0,0
506052,0,0
506053,0,0
506054,1,0
506055,0,0
506056,1,0
506057,0,0
506058,0,0
506059,0,0
506060,0,0
506061,1,1
506062,0,0
506063,0,0
506064,1,0
506065,0,0
506066,1,0
506067,1,0
506068,0,0
506069,1,0
506070,1,0
506071,1,0
506072,0,0
506073,1,0
506074,1,0
506075,0,0
506076,0,0
506077,1,0
506078,1,0
506079,0,0
506080,1,1
506081,0,0
506082,0,0
506083,1,0
506084,0,0
506085,0,0
506086,1,0
506087,0,0
506088,0,1
506089,0,0
506090,0,0
506091,0,0
506092,0,0
506093,1,1
506094,1,1
506095,1,0
506096,0,1
506097,0,0
506098,1,0
506099,1,0
506100,1,0
506101,0,0
506102,1,0
506103,1,1
506104,0,1
506105,1,0
506106,0,0
506107,0,0
506108,0,0
506109,1,0
506110,1,0
506111,0,1
506112,1,0
506113,0,0
506114,1,0
506115,1,0
506116,1,0
506117,1,1
506118,0,0
506119,0,0
506120,1,0
506121,1,0
506122,0,0
506123,1,0
506124,0,0
506125,0,1
506126,0,0
506127,1,1
506128,1,0
506129,1,1
506130,1,1
506131,0,0
506132,0,0
506133,0,1
506134,0,0
506135,1,0
506136,1,0
506137,1,0
506138,0,0
506139,1,1
506140,1,0
506141,0,1
506142,1,0
506143,1,0
506144,0,0
506145,1,0
506146,0,0
506147,0,0
506148,0,0
506149,0,0
506150,1,0
506151,0,0
506152,1,0
506153,1,0
506154,1,0
506155,0,0
506156,0,0
506157,0,0
506158,0,0
506159,0,0
506160,1,0
506161,1,0
506162,0,0
506163,0,0
506164,1,0
506165,1,0
506166,1,0
506167,0,0
506168,1,1
506169,0,0
506170,1,0
506171,0,0
506172,1,1
506173,0,0
506174,1,0
506175,1,1
506176,1,0
506177,0,0
506178,1,1
506179,0,0
506180,1,0
506181,0,0
506182,0,0
506183,1,0
506184,0,1
506185,1,0
506186,0,0
506187,1,1
506188,0,0
506189,1,0
506190,0,0
506191,0,0
506192,0,0
506193,1,0
506194,0,0
506195,0,0
506196,0,0
506197,1,0
506198,0,0
506199,0,0
506200,0,0
506201,0,0
506202,0,0
506203,1,0
506204,0,0
506205,1,1
506206,0,0
506207,1,1
506208,0,0
506209,0,0
506210,1,1
506211,1,0
506212,1,0
506213,1,0
506214,0,0
506215,1,0
506216,0,0
506217,1,0
506218,1,0
506219,0,0
506220,1,0
506221,1,1
506222,0,0
506223,0,0
506224,1,1
506225,0,0
506226,0,0
506227,1,1
506228,1,1
506229,0,0
506230,1,0
506231,0,0
506232,0,0
506233,0,0
506234,0,0
506235,0,0
506236,0,0
506237,0,0
506238,1,1
506239,1,1
506240,1,0
506241,1,0
506242,1,1
506243,1,0
506244,1,0
506245,1,0
506246,1,1
506247,0,0
506248,1,0
506249,0,0
506250,0,0
506251,1,0
506252,0,0
506253,1,0
506254,1,0
506255,0,0
506256,1,0
506257,1,0
506258,1,0
506259,0,0
506260,1,0
506261,0,0
506262,1,0
506263,0,0
506264,0,0
506265,0,1
506266,1,0
506267,1,1
506268,1,0
506269,1,0
506270,0,1
506271,1,1
506272,0,0
506273,1,0
506274,1,1
506275,0,0
506276,0,0
506277,1,0
506278,1,1
506279,1,0
506280,1,0
506281,1,0
506282,0,0
506283,0,0
506284,1,0
506285,0,0
506286,1,0
506287,0,0
506288,1,0
506289,1,0
506290,1,0
506291,0,0
506292,0,0
506293,0,0
506294,1,0
506295,0,1
506296,1,0
506297,1,0
506298,0,0
506299,0,1
506300,0,0
506301,0,0
506302,0,0
506303,0,0
506304,0,0
506305,0,0
506306,0,0
506307,0,0
506308,1,0
506309,0,0
506310,0,0
506311,1,0
506312,0,0
506313,1,1
506314,0,0
506315,0,0
506316,1,0
506317,0,0
506318,1,1
506319,1,1
506320,0,1
506321,0,0
506322,1,0
506323,0,0
506324,0,0
506325,1,1
506326,0,0
506327,0,0
506328,0,0
506329,1,0
506330,0,0
506331,1,1
506332,1,0
506333,0,1
506334,0,0
506335,0,0
506336,0,0
506337,0,0
506338,0,0
506339,1,1
506340,0,0
506341,1,1
506342,1,1
506343,1,0
506344,1,1
506345,1,1
506346,0,0
506347,1,0
506348,0,0
506349,0,0
506350,1,1
506351,0,0
506352,0,1
506353,1,1
506354,1,0
506355,0,1
506356,0,0
506357,0,0
506358,1,0
506359,1,1
506360,0,1
506361,1,1
506362,1,1
506363,0,0
506364,1,0
506365,1,1
506366,0,0
506367,1,0
506368,0,0
506369,0,0
506370,0,0
506371,0,0
506372,1,0
506373,0,0
506374,0,0
506375,1,0
506376,0,0
506377,0,0
506378,0,0
506379,1,0
506380,0,1
506381,0,0
506382,1,1
506383,0,0
506384,1,0
506385,0,0
506386,1,0
506387,0,1
506388,1,1
506389,0,1
506390,0,0
506391,1,0
506392,0,0
506393,0,0
506394,0,0
506395,0,0
506396,0,0
506397,0,0
506398,0,0
506399,0,0
506400,1,0
506401,0,1
506402,0,0
506403,0,0
506404,0,0
506405,0,0
506406,1,0
506407,0,0
506408,1,0
506409,0,0
506410,0,0
506411,0,0
506412,0,0
506413,1,0
506414,1,0
506415,1,0
506416,0,1
506417,0,0
506418,1,0
506419,1,0
506420,0,0
506421,0,0
506422,0,0
506423,0,0
506424,1,0
506425,0,1
506426,1,1
506427,1,1
506428,1,1
506429,0,0
506430,1,1
506431,1,0
506432,0,1
506433,0,0
506434,0,1
506435,0,0
506436,1,1
506437,1,0
506438,1,0
506439,0,0
506440,1,0
506441,1,1
506442,0,0
506443,1,1
506444,0,0
506445,0,0
506446,1,0
506447,0,0
506448,0,0
506449,0,0
506450,1,0
506451,0,0
506452,0,1
506453,0,0
506454,0,0
506455,0,0
506456,1,0
506457,1,0
506458,1,0
506459,1,0
506460,0,0
506461,0,0
506462,1,0
506463,0,0
506464,1,1
506465,0,1
506466,1,0
506467,0,0
506468,0,0
506469,1,0
506470,0,0
506471,0,0
506472,0,0
506473,0,0
506474,1,0
506475,1,0
506476,1,1
506477,1,0
506478,1,0
506479,0,0
506480,1,0
506481,1,1
506482,0,0
506483,1,0
506484,1,0
506485,0,0
506486,1,1
506487,0,0
506488,0,0
506489,0,0
506490,1,0
506491,0,1
506492,0,0
506493,0,0
506494,0,0
506495,0,1
506496,0,1
506497,0,0
506498,0,0
506499,0,0
506500,0,0
506501,1,1
506502,0,0
506503,0,0
506504,0,1
506505,1,0
506506,0,1
506507,1,1
506508,1,0
506509,0,0
506510,0,1
506511,1,1
506512,0,1
506513,0,0
506514,1,0
506515,0,0
506516,1,1
506517,0,1
506518,0,0
506519,0,0
506520,1,0
506521,0,0
506522,1,0
506523,0,0
506524,1,0
506525,0,0
506526,0,0
506527,1,0
506528,1,1
506529,0,0
506530,1,0
506531,0,0
506532,1,0
506533,1,0
506534,1,0
506535,0,0
506536,1,0
506537,1,0
506538,0,1
506539,1,0
506540,0,0
506541,0,0
506542,1,1
506543,0,0
506544,1,0
506545,0,0
506546,0,1
506547,1,0
506548,1,0
506549,1,1
506550,0,0
506551,0,0
506552,1,0
506553,1,1
506554,1,0
506555,1,0
506556,0,0
506557,0,0
506558,0,0
506559,0,0
506560,0,0
506561,1,0
506562,0,0
506563,0,0
506564,1,0
506565,0,0
506566,1,0
506567,1,0
506568,1,0
506569,1,1
506570,1,0
506571,0,0
506572,1,1
506573,1,1
506574,0,0
506575,1,0
506576,0,0
506577,0,0
506578,0,0
506579,1,1
506580,0,0
506581,0,0
506582,0,0
506583,1,0
506584,1,0
506585,0,0
506586,0,0
506587,1,0
506588,1,0
506589,0,0
506590,1,0
506591,1,0
506592,0,0
506593,0,0
506594,0,1
506595,1,0
506596,1,1
506597,0,0
506598,1,1
506599,0,0
506600,1,0
506601,1,1
506602,1,1
506603,1,0
506604,0,1
506605,0,0
506606,0,1
506607,1,0
506608,0,1
506609,1,0
506610,0,0
506611,0,0
506612,0,0
506613,1,0
506614,0,0
506615,0,0
506616,0,0
506617,1,1
506618,1,0
506619,1,0
506620,1,1
506621,0,0
506622,1,1
506623,0,0
506624,0,0
506625,0,0
506626,1,0
506627,0,0
506628,0,1
506629,1,0
506630,0,0
506631,1,1
506632,1,1
506633,0,0
506634,0,0
506635,0,0
506636,1,1
506637,1,0
506638,1,0
506639,0,0
506640,0,1
506641,1,0
506642,1,0
506643,0,0
506644,0,0
506645,0,0
506646,0,0
506647,1,0
506648,1,1
506649,0,0
506650,0,0
506651,0,0
506652,0,0
506653,0,0
506654,0,0
506655,0,0
506656,1,0
506657,1,0
506658,1,0
506659,1,0
506660,0,1
506661,0,1
506662,0,0
506663,0,0
506664,0,0
506665,1,1
506666,1,0
506667,1,0
506668,1,0
506669,1,0
506670,0,0
506671,1,0
506672,0,0
506673,1,0
506674,1,0
506675,0,1
506676,0,0
506677,1,0
506678,1,0
506679,0,0
506680,0,0
506681,0,0
506682,0,0
506683,0,0
506684,0,0
506685,0,0
506686,0,0
506687,1,0
506688,1,0
506689,0,0
506690,0,0
506691,1,1
506692,0,0
506693,0,0
506694,0,0
506695,0,0
506696,1,0
506697,0,0
506698,0,0
506699,0,0
506700,0,0
506701,1,1
506702,1,0
506703,1,1
506704,0,1
506705,0,0
506706,1,0
506707,0,0
506708,1,0
506709,1,0
506710,0,1
506711,1,0
506712,0,0
506713,1,0
506714,0,0
506715,0,0
506716,0,0
506717,0,0
506718,1,0
506719,0,0
506720,0,0
506721,0,0
506722,1,0
506723,0,0
506724,1,0
506725,1,0
506726,1,1
506727,1,0
506728,1,0
506729,0,0
506730,1,0
506731,0,0
506732,0,0
506733,0,0
506734,0,0
506735,1,0
506736,0,0
506737,1,0
506738,1,0
506739,0,0
506740,0,0
506741,0,0
506742,0,0
506743,1,0
506744,0,0
506745,0,0
506746,0,1
506747,0,0
506748,1,0
506749,1,0
506750,1,0
506751,0,0
506752,1,0
506753,1,1
506754,0,1
506755,1,0
506756,0,0
506757,1,0
506758,0,0
506759,1,0
506760,1,0
506761,1,0
506762,0,0
506763,0,0
506764,1,1
506765,1,1
506766,1,0
506767,0,0
506768,0,0
506769,1,1
506770,1,1
506771,1,0
506772,1,0
506773,0,0
506774,0,0
506775,0,1
506776,0,0
506777,1,1
506778,0,0
506779,1,0
506780,0,1
506781,1,0
506782,1,0
506783,0,0
506784,0,0
506785,1,0
506786,1,1
506787,0,0
506788,1,0
506789,0,1
506790,0,0
506791,0,0
506792,1,0
506793,1,1
506794,0,0
506795,1,0
506796,1,0
506797,0,0
506798,1,0
506799,1,0
506800,0,0
506801,0,0
506802,0,0
506803,0,0
506804,1,0
506805,0,0
506806,0,0
506807,1,0
506808,1,0
506809,1,0
506810,1,0
506811,1,0
506812,1,0
506813,0,0
506814,0,0
506815,0,0
506816,0,0
506817,0,0
506818,0,0
506819,0,0
506820,0,0
506821,0,0
506822,0,0
506823,1,0
506824,0,0
506825,0,0
506826,0,0
506827,1,1
506828,1,1
506829,0,1
506830,1,1
506831,1,0
506832,1,0
506833,1,0
506834,0,0
506835,0,0
506836,0,0
506837,0,0
506838,0,0
506839,1,0
506840,0,1
506841,0,1
506842,1,0
506843,0,1
506844,0,0
506845,0,0
506846,0,0
506847,0,0
506848,0,0
506849,1,0
506850,0,1
506851,1,0
506852,0,1
506853,0,0
506854,0,0
506855,1,0
506856,1,1
506857,0,0
506858,1,0
506859,0,0
506860,1,0
506861,1,0
506862,0,0
506863,0,0
506864,0,0
506865,1,1
506866,0,0
506867,0,0
506868,1,0
506869,0,0
506870,1,0
506871,0,0
506872,1,0
506873,1,0
506874,0,0
506875,0,0
506876,1,0
506877,1,1
506878,0,0
506879,1,0
506880,1,0
506881,1,0
506882,0,0
506883,0,1
506884,0,0
506885,0,0
506886,0,0
506887,0,0
506888,1,1
506889,0,0
506890,0,0
506891,1,1
506892,1,0
506893,1,0
506894,1,0
506895,0,0
506896,0,0
506897,1,0
506898,0,0
506899,0,0
506900,1,1
506901,0,0
506902,0,0
506903,0,1
506904,1,1
506905,1,0
506906,1,0
506907,1,0
506908,1,0
506909,0,1
506910,0,0
506911,1,1
506912,1,0
506913,1,1
506914,1,0
506915,1,1
506916,0,0
506917,1,0
506918,0,0
506919,0,0
506920,0,0
506921,0,0
506922,0,0
506923,0,0
506924,1,1
506925,1,0
506926,0,0
506927,1,1
506928,0,0
506929,0,0
506930,1,0
506931,0,0
506932,1,1
506933,1,0
506934,0,0
506935,1,0
506936,0,0
506937,1,1
506938,1,1
506939,1,0
506940,1,1
506941,1,1
506942,0,0
506943,1,0
506944,1,0
506945,0,0
506946,0,0
506947,1,1
506948,0,0
506949,1,0
506950,0,0
506951,0,0
506952,1,1
506953,1,1
506954,0,0
506955,0,0
506956,0,0
506957,1,0
506958,0,0
506959,0,0
506960,0,0
506961,0,0
506962,0,0
506963,0,0
506964,1,1
506965,1,1
506966,0,0
506967,0,0
506968,1,0
506969,0,0
506970,0,0
506971,1,0
506972,0,0
506973,0,0
506974,1,0
506975,1,0
506976,1,0
506977,0,0
506978,0,0
506979,1,0
506980,1,1
506981,1,0
506982,0,0
506983,1,0
506984,0,0
506985,1,0
506986,1,1
506987,0,0
506988,0,0
506989,1,0
506990,1,0
506991,0,0
506992,0,1
506993,1,0
506994,0,0
506995,0,0
506996,0,0
506997,0,0
506998,0,1
506999,1,0
507000,1,0
507001,1,0
507002,0,0
507003,1,0
507004,0,0
507005,1,0
507006,0,0
507007,1,0
507008,0,0
507009,1,0
507010,1,1
507011,0,1
507012,1,0
507013,0,0
507014,0,0
507015,1,1
507016,1,0
507017,0,0
507018,0,0
507019,0,1
507020,0,0
507021,0,0
507022,0,0
507023,0,0
507024,0,0
507025,1,0
507026,1,0
507027,0,0
507028,0,0
507029,0,0
507030,0,0
507031,1,0
507032,0,0
507033,1,0
507034,1,0
507035,0,0
507036,0,0
507037,1,1
507038,1,0
507039,0,0
507040,1,0
507041,0,0
507042,1,0
507043,1,0
507044,0,0
507045,0,0
507046,1,0
507047,1,0
507048,1,0
507049,0,1
507050,1,0
507051,1,1
507052,1,0
507053,0,0
507054,0,0
507055,0,0
507056,0,0
507057,0,0
507058,0,0
507059,1,0
507060,1,1
507061,1,0
507062,1,0
507063,1,1
507064,1,0
507065,0,1
507066,1,0
507067,1,0
507068,1,1
507069,0,0
507070,1,0
507071,0,0
507072,0,0
507073,0,1
507074,0,0
507075,0,0
507076,1,0
507077,0,0
507078,1,0
507079,0,0
507080,0,0
507081,0,0
507082,0,0
507083,0,0
507084,0,1
507085,0,0
507086,0,0
507087,1,1
507088,0,0
507089,0,1
507090,0,0
507091,0,0
507092,1,0
507093,0,0
507094,1,0
507095,1,0
507096,0,0
507097,1,1
507098,1,0
507099,1,1
507100,1,1
507101,0,0
507102,0,0
507103,0,0
507104,1,0
507105,0,0
507106,0,1
507107,1,0
507108,0,0
507109,0,0
507110,0,0
507111,1,0
507112,0,0
507113,0,0
507114,1,0
507115,0,0
507116,0,0
507117,1,1
507118,0,0
507119,0,0
507120,0,0
507121,1,0
507122,0,0
507123,1,0
507124,1,0
507125,1,0
507126,1,0
507127,1,0
507128,0,0
507129,1,1
507130,0,0
507131,0,0
507132,1,0
507133,0,0
507134,0,0
507135,0,0
507136,1,0
507137,1,0
507138,0,0
507139,1,0
507140,0,0
507141,1,0
507142,1,0
507143,0,0
507144,1,0
507145,0,1
507146,0,1
507147,0,0
507148,0,0
507149,1,0
507150,1,1
507151,0,0
507152,1,0
507153,0,0
507154,0,1
507155,1,0
507156,0,0
507157,1,0
507158,0,0
507159,0,0
507160,0,0
507161,0,0
507162,0,0
507163,0,0
507164,0,0
507165,1,1
507166,0,0
507167,0,0
507168,0,0
507169,0,0
507170,0,0
507171,0,1
507172,0,1
507173,1,0
507174,0,0
507175,0,0
507176,1,0
507177,0,1
507178,0,0
507179,0,0
507180,1,0
507181,1,0
507182,0,0
507183,1,1
507184,1,0
507185,1,1
507186,0,0
507187,1,0
507188,0,0
507189,0,1
507190,0,0
507191,1,0
507192,0,0
507193,0,0
507194,1,0
507195,1,0
507196,1,0
507197,0,1
507198,0,0
507199,1,0
507200,0,0
507201,1,1
507202,0,0
507203,1,0
507204,0,1
507205,0,0
507206,1,0
507207,1,1
507208,1,0
507209,0,0
507210,0,0
507211,1,0
507212,0,0
507213,0,0
507214,0,0
507215,0,0
507216,0,0
507217,0,0
507218,1,0
507219,1,0
507220,0,0
507221,1,1
507222,0,0
507223,1,0
507224,1,1
507225,0,0
507226,1,0
507227,0,0
507228,1,0
507229,1,1
507230,1,1
507231,0,0
507232,0,1
507233,0,0
507234,0,0
507235,0,0
507236,0,1
507237,1,0
507238,0,0
507239,0,0
507240,1,1
507241,0,0
507242,1,1
507243,1,1
507244,1,0
507245,0,0
507246,1,0
507247,1,0
507248,0,1
507249,1,0
507250,1,0
507251,0,1
507252,0,0
507253,1,0
507254,0,0
507255,1,0
507256,0,0
507257,0,0
507258,0,0
507259,1,0
507260,0,0
507261,1,1
507262,1,0
507263,1,0
507264,1,1
507265,0,0
507266,0,0
507267,0,1
507268,0,0
507269,0,0
507270,1,1
507271,1,1
507272,0,0
507273,0,0
507274,1,0
507275,1,1
507276,1,0
507277,0,0
507278,0,0
507279,1,0
507280,0,0
507281,1,0
507282,0,1
507283,0,0
507284,1,0
507285,1,0
507286,0,0
507287,1,1
507288,1,1
507289,1,0
507290,1,0
507291,1,0
507292,1,1
507293,1,1
507294,1,1
507295,1,0
507296,1,0
507297,0,0
507298,0,0
507299,1,1
507300,1,0
507301,0,0
507302,1,0
507303,0,0
507304,0,0
507305,1,0
507306,1,0
507307,0,0
507308,1,0
507309,1,0
507310,1,0
507311,1,0
507312,0,1
507313,0,0
507314,0,0
507315,0,0
507316,0,0
507317,0,0
507318,0,0
507319,1,0
507320,0,0
507321,0,0
507322,0,0
507323,0,0
507324,1,0
507325,1,0
507326,1,0
507327,1,1
507328,1,0
507329,1,0
507330,0,0
507331,0,0
507332,1,0
507333,0,0
507334,1,0
507335,0,0
507336,1,0
507337,0,0
507338,1,0
507339,0,0
507340,0,0
507341,0,0
507342,0,0
507343,0,0
507344,1,0
507345,0,0
507346,0,0
507347,0,0
507348,1,1
507349,0,0
507350,0,0
507351,1,0
507352,0,1
507353,1,1
507354,0,0
507355,1,0
507356,1,0
507357,0,0
507358,1,1
507359,0,0
507360,0,0
507361,1,0
507362,1,0
507363,0,0
507364,1,0
507365,0,0
507366,0,0
507367,0,0
507368,1,1
507369,1,1
507370,0,0
507371,1,0
507372,1,0
507373,0,0
507374,0,0
507375,1,0
507376,0,0
507377,0,0
507378,0,0
507379,0,0
507380,1,0
507381,1,0
507382,1,0
507383,1,0
507384,1,1
507385,0,0
507386,1,0
507387,0,0
507388,1,0
507389,0,0
507390,0,0
507391,1,0
507392,0,0
507393,1,1
507394,0,0
507395,0,0
507396,1,0
507397,0,0
507398,0,0
507399,1,1
507400,1,0
507401,0,0
507402,0,0
507403,0,0
507404,0,0
507405,0,0
507406,0,1
507407,1,0
507408,1,0
507409,0,0
507410,0,1
507411,0,1
507412,0,0
507413,1,0
507414,0,0
507415,1,0
507416,1,0
507417,1,1
507418,1,0
507419,1,0
507420,1,0
507421,0,0
507422,1,0
507423,0,0
507424,0,0
507425,1,1
507426,1,0
507427,0,0
507428,1,0
507429,0,0
507430,1,0
507431,1,0
507432,0,0
507433,0,1
507434,1,0
507435,0,1
507436,1,0
507437,0,0
507438,0,0
507439,1,0
507440,0,0
507441,0,1
507442,1,0
507443,0,0
507444,0,0
507445,1,0
507446,1,0
507447,1,0
507448,0,0
507449,1,1
507450,0,0
507451,1,0
507452,0,0
507453,1,1
507454,1,0
507455,1,0
507456,0,0
507457,0,0
507458,0,0
507459,1,0
507460,0,0
507461,0,0
507462,1,1
507463,0,0
507464,0,0
507465,1,1
507466,0,1
507467,0,0
507468,0,0
507469,1,1
507470,1,0
507471,0,0
507472,1,0
507473,0,0
507474,1,0
507475,0,0
507476,1,1
507477,1,0
507478,1,1
507479,0,0
507480,1,0
507481,0,0
507482,1,0
507483,1,0
507484,1,0
507485,1,0
507486,1,0
507487,1,0
507488,0,0
507489,0,0
507490,1,0
507491,0,0
507492,1,0
507493,0,0
507494,1,0
507495,0,0
507496,0,0
507497,1,1
507498,0,0
507499,0,0
507500,1,0
507501,0,0
507502,0,0
507503,1,0
507504,0,1
507505,1,1
507506,1,0
507507,0,0
507508,1,0
507509,0,0
507510,0,0
507511,1,0
507512,1,0
507513,0,0
507514,0,0
507515,0,0
507516,0,0
507517,0,0
507518,1,0
507519,1,0
507520,0,0
507521,0,0
507522,0,0
507523,0,0
507524,0,0
507525,1,0
507526,0,0
507527,1,0
507528,1,0
507529,0,0
507530,1,0
507531,0,0
507532,1,0
507533,0,0
507534,0,0
507535,0,1
507536,0,0
507537,1,0
507538,1,0
507539,0,0
507540,1,0
507541,0,0
507542,0,0
507543,0,0
507544,1,0
507545,1,1
507546,0,1
507547,1,0
507548,1,0
507549,0,0
507550,0,0
507551,0,1
507552,0,0
507553,0,0
507554,1,0
507555,0,0
507556,1,0
507557,1,0
507558,0,0
507559,0,0
507560,0,0
507561,1,0
507562,0,0
507563,1,0
507564,1,0
507565,1,0
507566,0,0
507567,1,0
507568,1,1
507569,1,0
507570,0,0
507571,1,0
507572,1,1
507573,1,0
507574,1,0
507575,0,0
507576,0,0
507577,1,0
507578,1,0
507579,0,0
507580,0,0
507581,0,0
507582,0,0
507583,1,0
507584,0,0
507585,1,1
507586,1,1
507587,1,0
507588,1,0
507589,1,0
507590,0,1
507591,0,0
507592,1,0
507593,0,0
507594,0,0
507595,1,1
507596,1,0
507597,0,1
507598,1,0
507599,0,0
507600,0,1
507601,0,0
507602,0,0
507603,0,0
507604,1,1
507605,0,0
507606,0,0
507607,0,0
507608,0,1
507609,1,1
507610,0,1
507611,1,1
507612,0,0
507613,0,0
507614,1,0
507615,1,1
507616,1,0
507617,0,0
507618,0,0
507619,1,0
507620,1,0
507621,0,0
507622,1,0
507623,0,0
507624,1,0
507625,0,0
507626,0,0
507627,0,1
507628,1,0
507629,1,0
507630,1,1
507631,1,0
507632,0,0
507633,0,0
507634,1,1
507635,0,0
507636,0,0
507637,0,0
507638,0,0
507639,0,0
507640,1,0
507641,1,0
507642,0,0
507643,0,1
507644,1,1
507645,1,0
507646,1,0
507647,0,0
507648,1,1
507649,1,0
507650,0,0
507651,1,1
507652,0,0
507653,1,0
507654,1,1
507655,0,0
507656,0,0
507657,0,0
507658,1,0
507659,1,0
507660,0,0
507661,1,1
507662,0,0
507663,0,0
507664,0,1
507665,1,0
507666,1,0
507667,1,0
507668,1,0
507669,0,0
507670,0,0
507671,1,0
507672,0,0
507673,0,0
507674,0,0
507675,0,0
507676,0,0
507677,0,0
507678,1,0
507679,0,0
507680,1,1
507681,0,0
507682,1,1
507683,1,1
507684,0,0
507685,0,0
507686,0,0
507687,1,0
507688,0,0
507689,0,0
507690,1,1
507691,1,0
507692,0,0
507693,0,0
507694,0,0
507695,0,0
507696,1,1
507697,0,0
507698,1,0
507699,0,0
507700,0,0
507701,1,0
507702,1,0
507703,1,1
507704,0,0
507705,1,0
507706,0,0
507707,1,1
507708,1,0
507709,1,0
507710,1,1
507711,1,0
507712,1,0
507713,1,0
507714,1,1
507715,0,0
507716,0,1
507717,1,0
507718,0,0
507719,1,0
507720,1,0
507721,0,0
507722,1,1
507723,1,0
507724,1,0
507725,0,0
507726,0,0
507727,1,0
507728,1,0
507729,1,1
507730,1,0
507731,0,0
507732,0,0
507733,1,1
507734,0,0
507735,1,0
507736,1,0
507737,1,0
507738,1,0
507739,0,0
507740,0,0
507741,1,1
507742,1,0
507743,1,0
507744,0,0
507745,1,0
507746,0,0
507747,0,0
507748,1,0
507749,0,0
507750,0,1
507751,0,0
507752,1,0
507753,0,0
507754,0,0
507755,0,0
507756,1,1
507757,0,0
507758,1,0
507759,1,1
507760,0,0
507761,0,0
507762,1,0
507763,0,0
507764,0,0
507765,1,0
507766,0,0
507767,0,1
507768,0,0
507769,0,0
507770,0,0
507771,0,0
507772,1,0
507773,0,0
507774,0,0
507775,1,0
507776,0,0
507777,1,0
507778,0,1
507779,0,0
507780,0,0
507781,1,1
507782,1,0
507783,0,0
507784,0,0
507785,0,0
507786,0,0
507787,0,0
507788,1,0
507789,0,0
507790,0,0
507791,1,1
507792,0,0
507793,1,0
507794,0,0
507795,1,0
507796,0,0
507797,0,0
507798,1,0
507799,1,1
507800,0,0
507801,0,0
507802,0,0
507803,0,0
507804,1,0
507805,1,0
507806,1,0
507807,0,0
507808,1,0
507809,1,0
507810,0,0
507811,0,0
507812,1,1
507813,1,0
507814,0,1
507815,1,1
507816,1,1
507817,1,0
507818,1,1
507819,0,1
507820,0,0
507821,1,0
507822,1,0
507823,0,0
507824,1,0
507825,1,1
507826,0,1
507827,0,0
507828,0,0
507829,0,0
507830,1,0
507831,0,0
507832,1,0
507833,0,0
507834,1,1
507835,0,0
507836,1,0
507837,0,0
507838,1,0
507839,0,0
507840,1,0
507841,0,0
507842,0,0
507843,1,0
507844,0,0
507845,1,0
507846,1,1
507847,0,0
507848,1,0
507849,0,0
507850,1,1
507851,0,0
507852,1,0
507853,1,0
507854,0,0
507855,1,0
507856,0,0
507857,1,1
507858,0,0
507859,0,1
507860,0,0
507861,0,0
507862,1,1
507863,1,1
507864,1,1
507865,1,0
507866,1,1
507867,1,0
507868,0,0
507869,1,0
507870,0,0
507871,1,1
507872,0,1
507873,0,0
507874,1,0
507875,0,0
507876,1,1
507877,1,0
507878,1,0
507879,1,0
507880,0,0
507881,0,1
507882,1,0
507883,0,0
507884,0,0
507885,0,0
507886,1,1
507887,1,0
507888,0,0
507889,0,0
507890,1,1
507891,0,0
507892,0,0
507893,0,0
507894,1,1
507895,0,0
507896,0,0
507897,1,1
507898,0,0
507899,1,1
507900,1,1
507901,1,1
507902,0,0
507903,0,0
507904,0,1
507905,0,0
507906,1,1
507907,0,0
507908,1,0
507909,0,0
507910,0,1
507911,0,0
507912,0,1
507913,0,0
507914,0,0
507915,1,0
507916,0,0
507917,0,0
507918,0,0
507919,0,0
507920,1,0
507921,0,0
507922,1,0
507923,1,1
507924,0,0
507925,0,0
507926,0,0
507927,1,0
507928,0,0
507929,1,1
507930,1,0
507931,0,0
507932,1,0
507933,1,1
507934,0,0
507935,0,1
507936,0,0
507937,0,0
507938,0,1
507939,0,1
507940,1,1
507941,0,0
507942,1,1
507943,0,0
507944,0,0
507945,0,0
507946,0,0
507947,0,1
507948,0,0
507949,1,0
507950,0,1
507951,0,0
507952,0,1
507953,0,0
507954,0,0
507955,0,0
507956,0,1
507957,1,0
507958,1,0
507959,1,1
507960,0,1
507961,0,1
507962,1,0
507963,0,0
507964,0,1
507965,1,1
507966,0,1
507967,0,1
507968,0,1
507969,0,0
507970,0,1
507971,0,0
507972,1,0
507973,0,0
507974,0,0
507975,0,0
507976,1,0
507977,0,0
507978,0,0
507979,1,1
507980,0,0
507981,0,0
507982,0,0
507983,1,0
507984,0,0
507985,1,0
507986,1,1
507987,1,0
507988,0,0
507989,0,1
507990,0,0
507991,0,0
507992,1,1
507993,0,0
507994,0,0
507995,0,0
507996,0,0
507997,1,0
507998,0,0
507999,0,0
508000,1,1
508001,1,1
508002,0,0
508003,0,0
508004,1,0
508005,0,0
508006,1,1
508007,1,0
508008,1,0
508009,1,1
508010,1,0
508011,0,0
508012,1,0
508013,1,0
508014,0,0
508015,1,0
508016,1,0
508017,1,0
508018,0,1
508019,0,1
508020,1,0
508021,1,0
508022,0,0
508023,0,0
508024,1,0
508025,0,0
508026,0,0
508027,1,0
508028,0,0
508029,1,1
508030,0,0
508031,0,0
508032,0,0
508033,0,0
508034,1,0
508035,1,0
508036,1,0
508037,0,0
508038,1,0
508039,0,0
508040,0,0
508041,0,0
508042,0,0
508043,0,0
508044,1,1
508045,1,0
508046,0,0
508047,0,0
508048,0,0
508049,1,1
508050,1,0
508051,0,0
508052,0,0
508053,0,0
508054,0,0
508055,0,0
508056,0,0
508057,1,0
508058,0,1
508059,1,0
508060,1,0
508061,0,0
508062,0,0
508063,0,0
508064,1,0
508065,0,0
508066,1,0
508067,1,0
508068,1,0
508069,0,0
508070,0,0
508071,0,0
508072,0,0
508073,1,0
508074,0,0
508075,0,0
508076,1,0
508077,1,0
508078,0,0
508079,0,0
508080,1,0
508081,0,0
508082,0,1
508083,1,0
508084,1,0
508085,0,0
508086,0,0
508087,1,0
508088,0,0
508089,1,0
508090,0,0
508091,1,0
508092,1,1
508093,0,0
508094,0,0
508095,0,0
508096,1,1
508097,1,0
508098,1,0
508099,0,0
508100,1,0
508101,1,1
508102,0,0
508103,1,0
508104,0,0
508105,1,0
508106,1,0
508107,0,0
508108,0,0
508109,1,0
508110,0,0
508111,0,0
508112,0,0
508113,0,0
508114,0,0
508115,0,0
508116,1,0
508117,1,0
508118,1,0
508119,0,1
508120,1,0
508121,0,0
508122,1,0
508123,1,0
508124,0,0
508125,1,0
508126,1,1
508127,0,0
508128,1,1
508129,1,0
508130,0,1
508131,0,1
508132,1,0
508133,1,0
508134,0,1
508135,0,0
508136,1,0
508137,0,0
508138,0,1
508139,0,0
508140,1,0
508141,0,0
508142,1,0
508143,1,0
508144,1,0
508145,1,0
508146,1,0
508147,1,1
508148,0,0
508149,0,0
508150,0,0
508151,0,0
508152,0,0
508153,0,0
508154,0,0
508155,1,1
508156,1,0
508157,0,0
508158,0,0
508159,0,0
508160,0,1
508161,1,0
508162,0,0
508163,0,0
508164,1,0
508165,0,0
508166,1,1
508167,0,0
508168,0,0
508169,0,1
508170,1,0
508171,0,0
508172,0,0
508173,1,1
508174,0,0
508175,0,0
508176,1,0
508177,1,0
508178,1,0
508179,0,0
508180,1,0
508181,0,0
508182,0,1
508183,0,1
508184,0,1
508185,1,0
508186,1,1
508187,0,0
508188,0,0
508189,0,0
508190,1,0
508191,0,0
508192,1,0
508193,0,0
508194,1,0
508195,1,1
508196,0,1
508197,1,0
508198,1,1
508199,0,0
508200,0,0
508201,1,1
508202,0,1
508203,1,1
508204,0,0
508205,1,0
508206,1,1
508207,0,0
508208,0,0
508209,1,0
508210,0,0
508211,0,0
508212,1,0
508213,0,0
508214,1,1
508215,0,0
508216,1,0
508217,1,0
508218,0,0
508219,0,0
508220,0,1
508221,1,0
508222,0,0
508223,0,0
508224,0,0
508225,1,1
508226,0,0
508227,1,1
508228,1,0
508229,0,0
508230,1,0
508231,1,0
508232,1,1
508233,1,0
508234,0,0
508235,1,0
508236,1,0
508237,0,1
508238,0,0
508239,1,0
508240,0,0
508241,0,0
508242,0,0
508243,0,0
508244,0,0
508245,0,0
508246,0,0
508247,0,0
508248,1,0
508249,1,0
508250,0,1
508251,0,0
508252,0,0
508253,0,1
508254,1,1
508255,0,1
508256,1,1
508257,1,1
508258,1,0
508259,0,0
508260,1,0
508261,0,0
508262,1,0
508263,0,0
508264,0,0
508265,0,0
508266,0,0
508267,0,0
508268,1,0
508269,0,0
508270,1,0
508271,0,0
508272,1,0
508273,0,0
508274,0,0
508275,0,0
508276,0,0
508277,0,0
508278,1,0
508279,0,0
508280,0,0
508281,0,0
508282,1,0
508283,0,0
508284,0,0
508285,0,1
508286,1,0
508287,1,1
508288,0,0
508289,1,0
508290,0,0
508291,0,1
508292,1,1
508293,1,0
508294,0,0
508295,1,0
508296,0,0
508297,1,0
508298,1,1
508299,1,0
508300,0,0
508301,0,1
508302,0,0
508303,0,0
508304,0,1
508305,1,0
508306,1,0
508307,0,0
508308,1,1
508309,0,0
508310,0,0
508311,0,1
508312,1,1
508313,0,0
508314,0,0
508315,0,0
508316,1,0
508317,1,0
508318,1,1
508319,0,0
508320,1,0
508321,0,0
508322,1,0
508323,0,0
508324,0,1
508325,0,0
508326,0,1
508327,1,0
508328,0,0
508329,1,1
508330,0,0
508331,0,0
508332,1,1
508333,0,0
508334,1,0
508335,0,0
508336,1,0
508337,0,0
508338,1,0
508339,1,0
508340,1,0
508341,1,0
508342,0,0
508343,1,0
508344,0,0
508345,1,0
508346,1,1
508347,0,1
508348,1,1
508349,1,0
508350,0,0
508351,1,1
508352,0,0
508353,1,0
508354,1,0
508355,0,0
508356,0,0
508357,0,0
508358,1,0
508359,1,1
508360,1,0
508361,1,0
508362,0,0
508363,0,0
508364,1,0
508365,0,1
508366,0,0
508367,0,0
508368,0,1
508369,1,0
508370,0,0
508371,0,0
508372,0,0
508373,0,0
508374,0,0
508375,1,1
508376,0,0
508377,1,0
508378,0,0
508379,0,0
508380,1,0
508381,0,0
508382,0,0
508383,0,0
508384,1,0
508385,1,0
508386,0,0
508387,1,0
508388,0,0
508389,1,0
508390,1,1
508391,0,0
508392,0,0
508393,1,0
508394,0,0
508395,1,0
508396,1,0
508397,1,0
508398,0,1
508399,1,0
508400,0,0
508401,1,0
508402,1,0
508403,1,0
508404,1,0
508405,0,0
508406,0,0
508407,0,0
508408,0,0
508409,0,0
508410,1,0
508411,1,0
508412,0,0
508413,0,0
508414,0,0
508415,1,0
508416,1,0
508417,0,0
508418,0,0
508419,1,1
508420,0,0
508421,1,1
508422,0,0
508423,1,1
508424,1,0
508425,0,0
508426,0,0
508427,0,0
508428,0,0
508429,0,0
508430,1,1
508431,1,1
508432,0,0
508433,0,0
508434,1,0
508435,0,0
508436,1,1
508437,1,0
508438,1,0
508439,1,1
508440,1,0
508441,0,0
508442,0,0
508443,0,0
508444,0,1
508445,0,0
508446,0,0
508447,1,1
508448,0,0
508449,1,1
508450,0,0
508451,1,1
508452,0,0
508453,0,1
508454,1,0
508455,0,0
508456,1,0
508457,1,0
508458,1,1
508459,1,0
508460,1,1
508461,0,0
508462,1,0
508463,0,0
508464,0,0
508465,1,0
508466,0,0
508467,1,1
508468,0,1
508469,1,1
508470,0,0
508471,1,0
508472,0,1
508473,0,0
508474,1,0
508475,1,0
508476,1,0
508477,1,0
508478,1,0
508479,0,0
508480,0,0
508481,1,0
508482,1,1
508483,0,0
508484,0,0
508485,0,0
508486,1,0
508487,0,0
508488,1,0
508489,1,0
508490,1,0
508491,0,1
508492,1,0
508493,1,0
508494,0,1
508495,0,0
508496,0,0
508497,0,1
508498,0,0
508499,0,0
508500,1,0
508501,0,0
508502,0,0
508503,1,0
508504,1,0
508505,1,0
508506,1,1
508507,1,1
508508,0,0
508509,0,0
508510,0,0
508511,1,0
508512,0,1
508513,1,0
508514,0,0
508515,1,0
508516,0,0
508517,1,1
508518,1,0
508519,0,0
508520,1,0
508521,0,0
508522,0,0
508523,0,0
508524,1,0
508525,0,0
508526,1,1
508527,1,0
508528,0,0
508529,0,1
508530,0,1
508531,0,0
508532,1,0
508533,0,0
508534,1,0
508535,1,0
508536,0,0
508537,0,0
508538,1,0
508539,1,0
508540,0,0
508541,1,0
508542,1,0
508543,1,0
508544,1,0
508545,1,0
508546,0,0
508547,0,0
508548,1,0
508549,0,0
508550,1,0
508551,0,0
508552,1,1
508553,1,0
508554,1,0
508555,0,0
508556,1,0
508557,0,0
508558,0,0
508559,1,0
508560,1,1
508561,1,0
508562,0,0
508563,1,0
508564,0,0
508565,0,1
508566,1,0
508567,1,0
508568,1,1
508569,0,0
508570,0,0
508571,0,0
508572,1,0
508573,0,1
508574,0,0
508575,1,0
508576,0,0
508577,0,0
508578,1,0
508579,0,0
508580,0,1
508581,1,1
508582,0,0
508583,0,0
508584,1,1
508585,1,0
508586,1,0
508587,0,0
508588,1,0
508589,0,1
508590,0,1
508591,1,0
508592,0,0
508593,0,0
508594,0,0
508595,0,0
508596,1,0
508597,0,0
508598,0,0
508599,0,1
508600,1,0
508601,1,1
508602,0,0
508603,1,0
508604,1,1
508605,1,1
508606,1,0
508607,0,0
508608,1,0
508609,0,0
508610,1,0
508611,1,0
508612,1,0
508613,0,0
508614,0,0
508615,1,1
508616,1,0
508617,1,0
508618,0,0
508619,1,0
508620,0,0
508621,0,1
508622,0,0
508623,0,0
508624,0,0
508625,0,0
508626,0,1
508627,0,0
508628,0,0
508629,1,1
508630,0,0
508631,0,0
508632,0,0
508633,1,1
508634,0,0
508635,0,0
508636,1,0
508637,0,1
508638,0,0
508639,1,0
508640,0,0
508641,0,1
508642,0,0
508643,1,0
508644,0,0
508645,0,0
508646,0,0
508647,0,0
508648,0,0
508649,0,0
508650,0,0
508651,0,0
508652,1,0
508653,0,0
508654,0,0
508655,0,0
508656,1,0
508657,1,0
508658,0,0
508659,0,0
508660,1,0
508661,0,0
508662,0,0
508663,0,0
508664,1,0
508665,0,0
508666,0,0
508667,0,0
508668,1,0
508669,0,0
508670,1,1
508671,0,0
508672,0,0
508673,0,0
508674,1,1
508675,1,0
508676,0,0
508677,1,0
508678,0,0
508679,0,1
508680,0,0
508681,1,0
508682,1,0
508683,1,0
508684,1,0
508685,0,0
508686,1,0
508687,0,0
508688,1,0
508689,0,1
508690,0,0
508691,1,0
508692,0,0
508693,0,0
508694,1,0
508695,1,1
508696,0,0
508697,1,0
508698,0,0
508699,0,0
508700,0,0
508701,1,0
508702,1,0
508703,0,1
508704,1,0
508705,0,0
508706,1,1
508707,1,1
508708,1,0
508709,0,0
508710,1,1
508711,1,0
508712,1,0
508713,0,0
508714,0,0
508715,0,0
508716,0,0
508717,0,0
508718,0,0
508719,1,0
508720,0,0
508721,1,0
508722,0,0
508723,1,0
508724,0,0
508725,1,1
508726,1,0
508727,0,0
508728,1,0
508729,0,0
508730,0,0
508731,1,1
508732,0,0
508733,1,1
508734,1,0
508735,1,1
508736,0,0
508737,0,0
508738,1,1
508739,0,1
508740,0,0
508741,1,0
508742,1,0
508743,0,0
508744,1,0
508745,0,0
508746,1,1
508747,0,0
508748,1,0
508749,0,0
508750,0,0
508751,0,0
508752,1,0
508753,0,0
508754,1,0
508755,0,0
508756,0,0
508757,1,0
508758,1,0
508759,1,1
508760,0,0
508761,0,1
508762,1,1
508763,1,0
508764,1,0
508765,1,0
508766,1,0
508767,1,0
508768,1,1
508769,0,0
508770,0,1
508771,1,0
508772,1,0
508773,1,0
508774,0,0
508775,1,0
508776,0,0
508777,0,0
508778,0,0
508779,0,0
508780,0,0
508781,1,0
508782,1,1
508783,0,0
508784,0,0
508785,1,0
508786,1,0
508787,1,0
508788,0,0
508789,0,0
508790,1,1
508791,0,0
508792,1,0
508793,0,0
508794,1,0
508795,0,0
508796,0,0
508797,0,0
508798,0,0
508799,0,0
508800,0,0
508801,0,0
508802,0,0
508803,0,0
508804,0,0
508805,1,0
508806,0,0
508807,1,1
508808,0,0
508809,0,0
508810,1,0
508811,1,0
508812,1,0
508813,0,0
508814,0,0
508815,0,0
508816,0,0
508817,1,1
508818,0,0
508819,0,0
508820,0,0
508821,0,0
508822,0,0
508823,0,0
508824,1,1
508825,0,1
508826,0,0
508827,0,0
508828,0,0
508829,0,0
508830,1,0
508831,1,1
508832,0,0
508833,1,1
508834,0,0
508835,0,0
508836,1,0
508837,0,0
508838,0,0
508839,1,0
508840,1,1
508841,0,0
508842,1,0
508843,0,0
508844,1,1
508845,0,0
508846,0,0
508847,1,0
508848,0,0
508849,1,0
508850,0,0
508851,1,0
508852,0,0
508853,0,0
508854,0,0
508855,0,0
508856,0,0
508857,1,1
508858,1,1
508859,1,0
508860,0,0
508861,0,0
508862,1,0
508863,1,0
508864,0,0
508865,0,0
508866,0,0
508867,0,0
508868,0,0
508869,0,0
508870,1,0
508871,0,1
508872,0,0
508873,0,0
508874,0,0
508875,1,0
508876,1,0
508877,0,0
508878,0,0
508879,1,0
508880,1,0
508881,1,1
508882,0,1
508883,1,0
508884,0,0
508885,0,0
508886,1,0
508887,0,0
508888,0,0
508889,0,0
508890,0,0
508891,1,1
508892,0,0
508893,0,0
508894,1,0
508895,0,0
508896,0,0
508897,0,0
508898,0,0
508899,0,0
508900,0,0
508901,0,0
508902,1,1
508903,1,1
508904,0,0
508905,0,1
508906,0,0
508907,0,0
508908,0,0
508909,0,0
508910,0,0
508911,0,0
508912,0,0
508913,1,0
508914,0,0
508915,1,0
508916,1,0
508917,0,0
508918,1,1
508919,0,0
508920,1,0
508921,0,0
508922,1,0
508923,0,1
508924,0,0
508925,1,0
508926,0,0
508927,0,0
508928,0,0
508929,0,0
508930,0,1
508931,0,0
508932,1,0
508933,1,0
508934,0,0
508935,1,1
508936,1,0
508937,0,0
508938,1,0
508939,0,0
508940,0,0
508941,1,0
508942,0,0
508943,1,0
508944,1,0
508945,1,0
508946,1,0
508947,1,1
508948,0,0
508949,0,0
508950,1,1
508951,0,0
508952,0,0
508953,1,1
508954,0,0
508955,1,1
508956,0,0
508957,0,0
508958,1,0
508959,0,0
508960,1,1
508961,0,0
508962,0,0
508963,1,0
508964,0,0
508965,0,0
508966,0,0
508967,1,1
508968,1,0
508969,0,0
508970,0,0
508971,1,0
508972,1,0
508973,1,0
508974,0,0
508975,0,0
508976,0,1
508977,1,0
508978,1,0
508979,1,0
508980,1,1
508981,0,0
508982,1,0
508983,0,0
508984,1,0
508985,0,0
508986,0,0
508987,1,1
508988,0,0
508989,0,0
508990,1,1
508991,0,1
508992,1,0
508993,0,0
508994,0,0
508995,0,0
508996,0,0
508997,0,1
508998,0,0
508999,0,0
509000,0,1
509001,1,0
509002,0,0
509003,0,0
509004,0,0
509005,1,0
509006,0,0
509007,1,0
509008,0,0
509009,1,0
509010,0,0
509011,1,0
509012,0,0
509013,1,0
509014,0,0
509015,1,0
509016,0,0
509017,0,0
509018,1,0
509019,0,0
509020,1,0
509021,1,0
509022,1,0
509023,0,0
509024,0,0
509025,1,0
509026,0,0
509027,1,0
509028,0,0
509029,1,0
509030,1,0
509031,0,0
509032,1,0
509033,1,0
509034,0,1
509035,0,0
509036,0,0
509037,0,0
509038,0,0
509039,0,0
509040,0,0
509041,0,1
509042,0,0
509043,0,0
509044,0,0
509045,0,0
509046,0,0
509047,1,0
509048,1,1
509049,1,1
509050,1,0
509051,1,0
509052,1,0
509053,0,0
509054,1,0
509055,1,0
509056,1,0
509057,0,0
509058,1,0
509059,0,0
509060,1,1
509061,1,1
509062,1,0
509063,0,0
509064,0,0
509065,1,0
509066,1,1
509067,0,0
509068,1,0
509069,1,1
509070,0,0
509071,0,1
509072,1,0
509073,1,0
509074,1,0
509075,1,1
509076,0,1
509077,1,1
509078,1,1
509079,0,0
509080,0,1
509081,1,0
509082,0,0
509083,1,1
509084,0,0
509085,0,0
509086,1,0
509087,0,0
509088,0,0
509089,0,0
509090,1,0
509091,1,1
509092,0,1
509093,1,0
509094,1,0
509095,0,0
509096,0,0
509097,1,0
509098,0,0
509099,0,0
509100,0,0
509101,1,0
509102,0,0
509103,0,0
509104,0,0
509105,1,0
509106,0,0
509107,0,0
509108,0,1
509109,0,1
509110,1,1
509111,0,0
509112,1,0
509113,0,0
509114,1,1
509115,1,0
509116,0,0
509117,1,0
509118,1,0
509119,1,0
509120,1,0
509121,1,1
509122,0,0
509123,0,0
509124,1,0
509125,1,1
509126,0,1
509127,1,1
509128,0,0
509129,0,0
509130,0,0
509131,0,0
509132,1,1
509133,0,0
509134,1,0
509135,0,0
509136,1,0
509137,0,0
509138,0,0
509139,1,0
509140,1,0
509141,0,0
509142,0,0
509143,1,0
509144,0,1
509145,0,0
509146,1,0
509147,1,0
509148,0,0
509149,1,0
509150,0,1
509151,1,1
509152,1,1
509153,0,0
509154,1,1
509155,1,0
509156,0,0
509157,1,0
509158,1,0
509159,0,0
509160,0,0
509161,0,0
509162,1,0
509163,0,0
509164,1,1
509165,1,0
509166,0,0
509167,0,0
509168,0,1
509169,0,0
509170,1,0
509171,0,0
509172,0,0
509173,0,0
509174,1,0
509175,0,0
509176,0,0
509177,1,1
509178,1,0
509179,0,0
509180,0,0
509181,1,1
509182,0,0
509183,1,0
509184,1,1
509185,1,1
509186,0,0
509187,1,1
509188,1,0
509189,0,0
509190,0,0
509191,0,0
509192,1,0
509193,1,0
509194,1,0
509195,1,0
509196,1,0
509197,1,0
509198,0,0
509199,0,0
509200,0,0
509201,1,0
509202,1,1
509203,1,0
509204,1,0
509205,0,0
509206,0,1
509207,0,0
509208,1,0
509209,1,0
509210,0,1
509211,0,0
509212,1,0
509213,0,0
509214,1,0
509215,0,0
509216,0,0
509217,1,0
509218,0,0
509219,1,0
509220,1,0
509221,0,1
509222,1,0
509223,1,0
509224,0,0
509225,0,0
509226,0,0
509227,0,0
509228,0,0
509229,1,1
509230,1,0
509231,0,0
509232,1,1
509233,1,0
509234,1,0
509235,1,0
509236,0,0
509237,1,1
509238,0,0
509239,0,1
509240,0,0
509241,0,0
509242,0,0
509243,0,1
509244,0,1
509245,0,0
509246,0,0
509247,0,0
509248,1,0
509249,1,0
509250,1,1
509251,1,1
509252,1,0
509253,1,1
509254,0,0
509255,0,0
509256,1,0
509257,1,0
509258,0,0
509259,0,0
509260,0,0
509261,0,1
509262,1,0
509263,0,0
509264,0,0
509265,1,0
509266,1,0
509267,1,0
509268,0,0
509269,0,0
509270,1,0
509271,1,1
509272,1,1
509273,0,0
509274,0,0
509275,0,0
509276,0,0
509277,0,0
509278,0,0
509279,0,0
509280,0,0
509281,1,0
509282,0,1
509283,1,0
509284,1,1
509285,0,0
509286,0,0
509287,0,0
509288,0,0
509289,1,0
509290,1,1
509291,0,0
509292,0,0
509293,1,1
509294,0,0
509295,0,0
509296,0,0
509297,0,0
509298,0,0
509299,1,0
509300,0,1
509301,0,0
509302,1,0
509303,0,0
509304,0,0
509305,1,0
509306,1,0
509307,1,0
509308,0,0
509309,0,0
509310,1,1
509311,0,0
509312,1,0
509313,1,0
509314,0,1
509315,1,0
509316,1,1
509317,1,0
509318,0,0
509319,0,0
509320,0,0
509321,0,1
509322,1,0
509323,1,0
509324,0,0
509325,1,0
509326,1,1
509327,0,0
509328,0,0
509329,0,0
509330,0,1
509331,1,0
509332,0,0
509333,0,0
509334,1,0
509335,1,0
509336,1,0
509337,1,0
509338,1,1
509339,1,0
509340,1,0
509341,1,0
509342,0,1
509343,0,0
509344,0,0
509345,1,1
509346,0,0
509347,0,1
509348,1,0
509349,1,0
509350,1,0
509351,1,0
509352,0,0
509353,0,0
509354,1,0
509355,1,0
509356,0,0
509357,0,0
509358,0,0
509359,0,0
509360,0,1
509361,0,0
509362,0,0
509363,1,0
509364,1,0
509365,0,0
509366,0,0
509367,0,0
509368,1,0
509369,0,0
509370,1,0
509371,0,0
509372,1,0
509373,0,0
509374,0,0
509375,1,1
509376,0,0
509377,0,0
509378,0,0
509379,1,1
509380,1,0
509381,0,0
509382,1,1
509383,0,0
509384,0,0
509385,1,0
509386,0,0
509387,0,0
509388,0,0
509389,0,0
509390,1,0
509391,0,0
509392,0,0
509393,0,0
509394,0,0
509395,0,0
509396,0,0
509397,0,0
509398,0,0
509399,1,0
509400,0,0
509401,1,0
509402,0,0
509403,0,0
509404,1,1
509405,0,0
509406,0,0
509407,0,1
509408,0,1
509409,0,0
509410,1,0
509411,0,0
509412,0,0
509413,0,0
509414,0,0
509415,1,0
509416,1,0
509417,0,0
509418,0,0
509419,1,0
509420,0,0
509421,1,1
509422,1,0
509423,0,0
509424,1,1
509425,0,0
509426,0,0
509427,1,1
509428,1,0
509429,0,0
509430,1,0
509431,0,0
509432,1,1
509433,1,0
509434,1,0
509435,0,0
509436,0,0
509437,1,0
509438,0,0
509439,1,0
509440,0,0
509441,0,0
509442,0,1
509443,0,0
509444,0,0
509445,0,0
509446,1,0
509447,0,0
509448,1,0
509449,0,1
509450,1,0
509451,0,1
509452,1,0
509453,0,0
509454,0,1
509455,0,0
509456,0,0
509457,0,0
509458,1,0
509459,0,0
509460,1,1
509461,0,0
509462,1,0
509463,0,0
509464,1,1
509465,1,0
509466,0,0
509467,0,0
509468,1,0
509469,0,0
509470,0,0
509471,0,0
509472,0,1
509473,1,0
509474,0,1
509475,0,0
509476,0,1
509477,0,0
509478,1,1
509479,1,1
509480,1,0
509481,0,0
509482,0,1
509483,0,0
509484,1,0
509485,1,1
509486,1,0
509487,1,1
509488,0,1
509489,1,0
509490,1,0
509491,0,1
509492,0,0
509493,1,1
509494,0,0
509495,0,0
509496,0,0
509497,1,0
509498,1,0
509499,1,0
509500,1,0
509501,0,0
509502,1,1
509503,0,0
509504,0,0
509505,1,1
509506,1,0
509507,1,0
509508,0,0
509509,0,0
509510,1,0
509511,0,0
509512,0,0
509513,1,0
509514,0,0
509515,0,0
509516,0,0
509517,0,0
509518,0,0
509519,0,1
509520,0,0
509521,0,0
509522,0,0
509523,1,0
509524,0,0
509525,1,0
509526,0,1
509527,1,0
509528,0,0
509529,1,0
509530,0,0
509531,0,0
509532,1,1
509533,1,0
509534,0,0
509535,0,0
509536,0,0
509537,1,0
509538,0,0
509539,1,0
509540,1,0
509541,0,0
509542,0,0
509543,1,0
509544,0,0
509545,0,0
509546,0,0
509547,0,0
509548,0,0
509549,1,0
509550,1,0
509551,0,0
509552,0,0
509553,0,1
509554,1,0
509555,0,0
509556,1,1
509557,1,1
509558,1,0
509559,1,0
509560,1,0
509561,0,0
509562,1,0
509563,1,0
509564,1,1
509565,1,1
509566,1,0
509567,0,0
509568,0,0
509569,1,1
509570,1,0
509571,1,1
509572,1,0
509573,0,0
509574,1,0
509575,1,0
509576,1,0
509577,0,1
509578,1,0
509579,0,0
509580,1,0
509581,1,1
509582,1,0
509583,0,1
509584,0,0
509585,0,0
509586,1,1
509587,0,0
509588,0,0
509589,1,0
509590,0,0
509591,1,0
509592,1,0
509593,1,0
509594,1,0
509595,1,1
509596,1,0
509597,0,1
509598,0,0
509599,0,0
509600,1,0
509601,0,1
509602,0,0
509603,1,0
509604,0,0
509605,0,1
509606,1,1
509607,0,0
509608,0,1
509609,0,0
509610,1,0
509611,1,0
509612,1,0
509613,0,0
509614,1,0
509615,0,0
509616,0,0
509617,0,0
509618,0,0
509619,0,0
509620,0,0
509621,0,0
509622,0,1
509623,1,1
509624,0,0
509625,1,0
509626,0,0
509627,0,0
509628,1,1
509629,0,0
509630,1,1
509631,1,0
509632,0,1
509633,1,1
509634,1,0
509635,1,0
509636,0,0
509637,0,0
509638,1,0
509639,0,0
509640,0,0
509641,1,0
509642,0,1
509643,1,0
509644,1,0
509645,0,0
509646,0,0
509647,0,1
509648,0,1
509649,0,0
509650,1,1
509651,0,0
509652,0,0
509653,0,0
509654,0,0
509655,1,1
509656,1,0
509657,0,0
509658,0,0
509659,1,1
509660,1,1
509661,0,0
509662,0,0
509663,0,0
509664,0,0
509665,0,1
509666,1,0
509667,0,0
509668,1,0
509669,1,0
509670,1,0
509671,0,0
509672,0,0
509673,1,0
509674,1,0
509675,0,0
509676,1,1
509677,1,0
509678,1,1
509679,0,0
509680,1,0
509681,0,0
509682,0,0
509683,0,0
509684,1,0
509685,1,1
509686,0,0
509687,0,0
509688,0,1
509689,0,0
509690,0,0
509691,0,0
509692,0,0
509693,0,0
509694,1,0
509695,0,0
509696,1,0
509697,0,0
509698,0,0
509699,0,1
509700,0,0
509701,0,0
509702,1,0
509703,0,0
509704,0,0
509705,0,0
509706,0,0
509707,0,0
509708,0,0
509709,0,1
509710,1,1
509711,0,1
509712,0,0
509713,1,0
509714,0,0
509715,1,0
509716,1,0
509717,0,0
509718,0,0
509719,0,0
509720,1,1
509721,0,0
509722,1,1
509723,0,0
509724,1,0
509725,1,0
509726,0,0
509727,0,0
509728,1,0
509729,1,0
509730,0,0
509731,1,0
509732,1,0
509733,1,0
509734,1,1
509735,1,0
509736,0,0
509737,0,0
509738,1,0
509739,0,0
509740,1,0
509741,0,0
509742,0,0
509743,0,0
509744,0,0
509745,0,0
509746,0,0
509747,0,0
509748,0,0
509749,0,0
509750,1,0
509751,1,0
509752,0,0
509753,1,0
509754,0,0
509755,1,0
509756,1,0
509757,0,0
509758,0,0
509759,1,0
509760,1,0
509761,0,0
509762,0,0
509763,1,1
509764,1,1
509765,0,0
509766,0,0
509767,0,0
509768,1,0
509769,0,0
509770,1,1
509771,1,1
509772,0,0
509773,1,0
509774,1,0
509775,1,1
509776,0,0
509777,0,0
509778,1,0
509779,1,0
509780,1,0
509781,0,0
509782,0,0
509783,0,0
509784,1,0
509785,1,0
509786,0,0
509787,0,1
509788,0,0
509789,0,0
509790,0,0
509791,0,0
509792,1,1
509793,0,1
509794,1,1
509795,1,1
509796,0,0
509797,1,0
509798,0,0
509799,0,0
509800,0,0
509801,0,0
509802,1,0
509803,1,1
509804,1,1
509805,0,0
509806,1,0
509807,1,1
509808,1,0
509809,1,0
509810,0,0
509811,0,0
509812,0,0
509813,0,0
509814,1,0
509815,1,1
509816,1,0
509817,0,0
509818,0,0
509819,0,0
509820,1,1
509821,1,1
509822,1,0
509823,1,0
509824,0,1
509825,0,0
509826,1,0
509827,0,0
509828,1,0
509829,0,0
509830,1,0
509831,1,0
509832,0,0
509833,0,0
509834,1,0
509835,0,0
509836,1,0
509837,1,0
509838,0,0
509839,0,0
509840,0,0
509841,0,0
509842,0,1
509843,0,0
509844,0,0
509845,1,1
509846,0,0
509847,0,0
509848,0,1
509849,1,0
509850,0,0
509851,0,0
509852,1,1
509853,1,0
509854,1,0
509855,1,0
509856,0,1
509857,0,0
509858,0,0
509859,1,0
509860,1,0
509861,1,0
509862,0,0
509863,1,0
509864,1,0
509865,0,0
509866,0,0
509867,0,0
509868,0,1
509869,1,0
509870,0,0
509871,1,0
509872,0,0
509873,0,0
509874,1,1
509875,0,0
509876,1,0
509877,1,1
509878,1,0
509879,0,0
509880,1,0
509881,0,0
509882,1,1
509883,0,0
509884,0,1
509885,0,0
509886,1,0
509887,0,0
509888,1,0
509889,1,1
509890,0,0
509891,1,1
509892,1,0
509893,0,0
509894,0,0
509895,1,1
509896,1,0
509897,1,0
509898,1,0
509899,1,0
509900,0,0
509901,0,0
509902,1,0
509903,0,0
509904,1,0
509905,0,0
509906,0,0
509907,1,1
509908,0,0
509909,0,0
509910,1,1
509911,1,0
509912,0,0
509913,0,0
509914,1,0
509915,0,0
509916,0,1
509917,0,0
509918,1,1
509919,0,0
509920,1,0
509921,0,0
509922,1,0
509923,0,0
509924,0,0
509925,0,0
509926,0,0
509927,1,0
509928,1,0
509929,0,0
509930,0,1
509931,1,0
509932,0,0
509933,0,0
509934,1,0
509935,0,0
509936,1,0
509937,0,0
509938,1,0
509939,0,0
509940,0,0
509941,1,0
509942,1,0
509943,0,0
509944,1,0
509945,0,0
509946,0,0
509947,1,0
509948,1,0
509949,0,0
509950,1,0
509951,1,0
509952,0,0
509953,1,1
509954,0,1
509955,1,0
509956,1,0
509957,0,0
509958,0,0
509959,0,0
509960,0,0
509961,1,0
509962,1,0
509963,1,0
509964,1,1
509965,0,0
509966,1,0
509967,0,1
509968,0,0
509969,0,0
509970,1,0
509971,1,0
509972,0,0
509973,1,1
509974,1,0
509975,1,0
509976,0,0
509977,0,0
509978,0,0
509979,1,0
509980,0,0
509981,0,0
509982,0,0
509983,0,0
509984,1,0
509985,0,0
509986,1,0
509987,1,0
509988,1,0
509989,0,0
509990,1,0
509991,1,0
509992,1,0
509993,0,0
509994,0,0
509995,0,0
509996,0,0
509997,1,1
509998,0,0
509999,1,1
510000,1,0
510001,1,0
510002,0,1
510003,0,0
510004,0,1
510005,1,0
510006,0,0
510007,0,0
510008,0,1
510009,1,1
510010,0,0
510011,1,0
510012,0,0
510013,0,0
510014,1,0
510015,0,0
510016,0,0
510017,1,0
510018,0,0
510019,0,0
510020,1,0
510021,0,0
510022,0,0
510023,0,0
510024,0,0
510025,0,0
510026,1,0
510027,1,0
510028,1,0
510029,1,0
510030,0,0
510031,0,0
510032,0,1
510033,0,0
510034,0,1
510035,0,1
510036,1,0
510037,0,1
510038,1,0
510039,0,0
510040,0,0
510041,1,1
510042,0,0
510043,0,0
510044,0,0
510045,1,0
510046,0,0
510047,0,0
510048,0,1
510049,0,0
510050,1,0
510051,0,0
510052,0,1
510053,1,0
510054,1,0
510055,0,0
510056,1,1
510057,1,0
510058,0,0
510059,0,0
510060,1,0
510061,0,0
510062,0,0
510063,0,0
510064,0,1
510065,0,0
510066,0,0
510067,0,0
510068,0,0
510069,0,0
510070,0,0
510071,1,0
510072,1,0
510073,0,0
510074,0,0
510075,0,0
510076,1,0
510077,0,0
510078,0,0
510079,1,0
510080,1,0
510081,1,0
510082,0,0
510083,1,0
510084,0,0
510085,1,0
510086,0,0
510087,1,0
510088,1,0
510089,1,0
510090,1,0
510091,0,0
510092,0,0
510093,0,0
510094,1,0
510095,0,1
510096,0,0
510097,0,0
510098,1,0
510099,0,0
510100,1,1
510101,0,0
510102,0,0
510103,0,0
510104,0,1
510105,1,0
510106,0,0
510107,1,0
510108,0,0
510109,0,0
510110,1,0
510111,1,0
510112,0,1
510113,0,0
510114,0,0
510115,0,0
510116,0,0
510117,0,0
510118,0,1
510119,0,0
510120,1,1
510121,0,1
510122,1,0
510123,1,1
510124,1,0
510125,1,0
510126,0,0
510127,0,0
510128,0,0
510129,1,0
510130,0,0
510131,1,0
510132,1,0
510133,0,0
510134,1,1
510135,1,0
510136,1,0
510137,0,0
510138,0,1
510139,1,0
510140,0,0
510141,0,0
510142,1,0
510143,0,0
510144,0,0
510145,0,1
510146,1,0
510147,0,0
510148,0,0
510149,1,0
510150,0,0
510151,0,0
510152,1,1
510153,1,0
510154,0,0
510155,0,0
510156,1,0
510157,0,1
510158,1,0
510159,0,0
510160,0,0
510161,1,0
510162,1,0
510163,0,1
510164,0,1
510165,1,0
510166,0,0
510167,0,1
510168,0,0
510169,0,0
510170,0,0
510171,1,1
510172,1,0
510173,1,0
510174,0,0
510175,0,0
510176,0,1
510177,0,0
510178,1,0
510179,0,0
510180,0,1
510181,1,0
510182,1,1
510183,1,0
510184,0,0
510185,1,0
510186,0,0
510187,0,0
510188,0,0
510189,0,0
510190,0,0
510191,1,0
510192,0,0
510193,1,0
510194,0,1
510195,1,0
510196,1,0
510197,1,1
510198,1,0
510199,1,0
510200,0,1
510201,1,0
510202,1,1
510203,0,0
510204,0,0
510205,0,0
510206,0,0
510207,1,0
510208,1,0
510209,1,0
510210,0,0
510211,0,1
510212,0,0
510213,0,0
510214,1,0
510215,0,0
510216,0,0
510217,0,0
510218,1,1
510219,0,0
510220,0,0
510221,0,0
510222,0,1
510223,0,1
510224,1,0
510225,0,1
510226,0,0
510227,1,0
510228,1,0
510229,1,0
510230,0,0
510231,1,0
510232,1,0
510233,0,0
510234,0,1
510235,0,0
510236,1,1
510237,0,0
510238,1,0
510239,1,0
510240,1,0
510241,0,0
510242,1,0
510243,0,0
510244,1,0
510245,0,0
510246,0,0
510247,0,0
510248,1,0
510249,0,0
510250,0,0
510251,0,1
510252,1,0
510253,0,0
510254,0,0
510255,1,1
510256,0,0
510257,0,0
510258,0,0
510259,1,0
510260,1,0
510261,0,0
510262,0,0
510263,0,0
510264,0,0
510265,0,0
510266,0,0
510267,1,0
510268,0,0
510269,1,0
510270,1,1
510271,0,0
510272,1,1
510273,1,1
510274,0,0
510275,0,0
510276,1,0
510277,0,0
510278,1,1
510279,1,1
510280,0,0
510281,1,0
510282,1,1
510283,0,0
510284,0,0
510285,0,0
510286,1,0
510287,1,0
510288,1,0
510289,1,0
510290,1,0
510291,0,0
510292,1,1
510293,0,0
510294,0,0
510295,0,0
510296,0,0
510297,1,1
510298,0,1
510299,1,0
510300,0,0
510301,0,0
510302,1,0
510303,1,0
510304,0,0
510305,0,0
510306,0,0
510307,1,0
510308,0,0
510309,0,0
510310,1,0
510311,1,0
510312,0,0
510313,1,0
510314,0,0
510315,1,1
510316,0,1
510317,1,1
510318,1,0
510319,1,0
510320,1,0
510321,1,0
510322,0,0
510323,1,0
510324,0,0
510325,1,1
510326,0,1
510327,0,0
510328,1,0
510329,1,0
510330,0,0
510331,0,0
510332,0,0
510333,1,0
510334,0,0
510335,1,1
510336,1,0
510337,1,0
510338,0,0
510339,0,0
510340,1,0
510341,1,1
510342,0,0
510343,1,0
510344,0,0
510345,1,1
510346,1,0
510347,0,0
510348,1,0
510349,0,0
510350,0,0
510351,1,0
510352,0,0
510353,0,0
510354,0,0
510355,1,1
510356,1,0
510357,1,0
510358,1,1
510359,1,1
510360,1,1
510361,1,0
510362,0,0
510363,1,1
510364,0,0
510365,0,0
510366,0,0
510367,0,0
510368,1,0
510369,0,1
510370,1,0
510371,0,0
510372,1,0
510373,0,0
510374,1,1
510375,0,0
510376,1,1
510377,1,1
510378,1,1
510379,1,0
510380,0,0
510381,0,0
510382,0,0
510383,0,0
510384,0,0
510385,1,0
510386,1,0
510387,1,0
510388,1,1
510389,1,1
510390,0,0
510391,1,1
510392,0,0
510393,0,0
510394,1,1
510395,0,1
510396,0,0
510397,0,0
510398,1,1
510399,0,0
510400,1,1
510401,0,0
510402,1,1
510403,1,1
510404,0,0
510405,1,0
510406,0,0
510407,0,0
510408,0,0
510409,0,0
510410,1,0
510411,1,0
510412,1,1
510413,0,0
510414,1,0
510415,1,1
510416,0,0
510417,1,0
510418,1,1
510419,1,1
510420,1,1
510421,0,0
510422,1,0
510423,1,1
510424,1,0
510425,0,0
510426,0,0
510427,0,1
510428,0,0
510429,1,0
510430,1,1
510431,1,0
510432,0,0
510433,1,1
510434,0,0
510435,0,0
510436,0,0
510437,1,1
510438,1,0
510439,1,0
510440,0,0
510441,0,1
510442,0,0
510443,1,1
510444,1,0
510445,0,0
510446,0,0
510447,1,1
510448,1,1
510449,1,1
510450,1,0
510451,1,0
510452,1,1
510453,0,0
510454,1,0
510455,0,0
510456,1,1
510457,0,0
510458,0,0
510459,0,0
510460,0,0
510461,0,0
510462,0,0
510463,1,0
510464,0,1
510465,0,1
510466,1,0
510467,1,1
510468,0,0
510469,0,0
510470,0,0
510471,0,0
510472,0,0
510473,1,0
510474,1,1
510475,0,1
510476,1,0
510477,0,0
510478,1,0
510479,1,1
510480,1,0
510481,0,0
510482,1,0
510483,0,0
510484,1,0
510485,0,0
510486,0,0
510487,1,0
510488,1,0
510489,1,1
510490,1,0
510491,0,0
510492,0,0
510493,1,0
510494,0,0
510495,1,0
510496,0,0
510497,0,0
510498,0,0
510499,1,0
510500,0,0
510501,0,0
510502,0,0
510503,0,0
510504,0,1
510505,1,0
510506,1,0
510507,0,0
510508,0,0
510509,0,0
510510,0,0
510511,0,0
510512,1,0
510513,0,0
510514,0,0
510515,1,1
510516,0,0
510517,1,0
510518,1,0
510519,0,0
510520,1,0
510521,0,0
510522,0,0
510523,1,0
510524,1,0
510525,0,0
510526,0,0
510527,1,1
510528,1,0
510529,0,0
510530,0,0
510531,1,0
510532,1,0
510533,0,1
510534,0,0
510535,1,0
510536,1,0
510537,1,1
510538,1,0
510539,1,0
510540,0,0
510541,1,0
510542,1,1
510543,1,0
510544,1,0
510545,1,1
510546,0,0
510547,0,1
510548,0,0
510549,0,0
510550,1,0
510551,0,0
510552,0,0
510553,0,0
510554,0,0
510555,0,0
510556,0,0
510557,0,0
510558,0,0
510559,1,1
510560,1,1
510561,0,0
510562,1,0
510563,0,0
510564,1,0
510565,1,0
510566,1,0
510567,0,0
510568,0,0
510569,1,1
510570,1,0
510571,1,0
510572,0,0
510573,1,0
510574,1,0
510575,1,0
510576,1,0
510577,0,0
510578,0,0
510579,1,0
510580,1,0
510581,0,0
510582,0,0
510583,1,1
510584,0,0
510585,1,0
510586,1,0
510587,0,0
510588,1,0
510589,0,0
510590,1,1
510591,1,0
510592,0,0
510593,0,0
510594,1,1
510595,0,0
510596,0,0
510597,0,0
510598,0,0
510599,0,0
510600,1,1
510601,0,0
510602,0,1
510603,1,0
510604,0,0
510605,0,0
510606,1,0
510607,1,0
510608,1,0
510609,0,0
510610,1,0
510611,1,0
510612,0,0
510613,0,1
510614,0,0
510615,1,0
510616,1,1
510617,0,0
510618,0,0
510619,1,0
510620,0,0
510621,1,0
510622,1,0
510623,1,0
510624,0,0
510625,1,0
510626,0,1
510627,1,1
510628,0,0
510629,1,0
510630,0,0
510631,1,0
510632,0,0
510633,0,0
510634,1,0
510635,0,1
510636,0,0
510637,0,0
510638,1,1
510639,1,0
510640,1,0
510641,1,1
510642,1,0
510643,0,0
510644,0,0
510645,1,1
510646,1,0
510647,0,0
510648,1,0
510649,0,0
510650,0,1
510651,1,0
510652,1,0
510653,0,0
510654,0,0
510655,1,0
510656,1,0
510657,0,0
510658,0,0
510659,1,1
510660,1,0
510661,0,0
510662,0,0
510663,1,0
510664,0,0
510665,0,0
510666,0,0
510667,1,0
510668,1,0
510669,0,0
510670,0,1
510671,0,0
510672,1,0
510673,1,0
510674,0,1
510675,1,0
510676,0,0
510677,0,0
510678,0,0
510679,1,0
510680,1,1
510681,0,0
510682,0,0
510683,1,1
510684,0,0
510685,0,0
510686,1,1
510687,1,0
510688,0,0
510689,0,0
510690,1,0
510691,0,1
510692,1,0
510693,1,0
510694,1,0
510695,0,0
510696,1,0
510697,1,0
510698,1,0
510699,0,0
510700,1,0
510701,0,0
510702,0,0
510703,0,0
510704,0,0
510705,0,0
510706,1,1
510707,0,0
510708,0,0
510709,1,0
510710,0,0
510711,1,1
510712,1,0
510713,0,0
510714,0,0
510715,0,0
510716,1,0
510717,0,0
510718,1,0
510719,1,1
510720,1,0
510721,1,1
510722,0,0
510723,1,0
510724,1,1
510725,1,0
510726,1,0
510727,0,0
510728,1,0
510729,1,0
510730,1,0
510731,1,0
510732,0,0
510733,1,0
510734,0,0
510735,0,0
510736,0,0
510737,0,0
510738,1,0
510739,0,1
510740,1,1
510741,1,0
510742,1,0
510743,0,0
510744,1,1
510745,1,0
510746,1,0
510747,0,0
510748,1,0
510749,0,0
510750,0,0
510751,0,0
510752,1,1
510753,0,0
510754,0,0
510755,1,1
510756,0,0
510757,0,0
510758,1,0
510759,1,0
510760,1,0
510761,1,1
510762,0,0
510763,0,0
510764,0,0
510765,1,0
510766,0,0
510767,0,0
510768,1,0
510769,1,1
510770,0,0
510771,1,0
510772,1,0
510773,1,0
510774,0,1
510775,0,0
510776,0,0
510777,0,0
510778,0,0
510779,0,0
510780,0,0
510781,0,0
510782,0,0
510783,0,0
510784,0,0
510785,0,0
510786,0,0
510787,1,0
510788,0,1
510789,1,1
510790,0,0
510791,0,0
510792,0,0
510793,0,1
510794,1,1
510795,1,0
510796,1,0
510797,0,0
510798,1,1
510799,1,1
510800,0,0
510801,0,0
510802,0,0
510803,0,0
510804,0,0
510805,0,0
510806,0,0
510807,0,0
