id_cliente,n_compras,venta_total
504308,8,737.4
504309,17,689.2
504310,1,95.6
504311,2,75.7
504312,2,46.0
504313,1,20.9
504314,6,269.0
504315,10,376.5
504316,4,122.3
504317,5,239.4
504318,6,220.5
504319,11,224.7
504320,3,89.5
504321,4,222.8
504322,4,98.4
504323,4,48.8
504324,25,1481.3
504325,7,271.9
504326,7,200.8
504327,9,222.7
504328,3,110.8
504329,3,65.3
504330,15,1107.9
504331,1,39.1
504332,16,904.5
504333,5,312.7
504334,5,75.7
504335,4,286.1
504336,10,414.2
504337,4,172.4
504338,7,151.0
504339,7,77.4
504340,2,160.0
504341,6,87.2
504342,1,39.6
504343,7,490.2
504344,2,183.7
504345,8,378.4
504346,1,28.4
504347,5,122.5
504348,5,276.8
504349,11,293.1
504350,6,306.0
504351,3,56.4
504352,3,91.7
504353,4,135.0
504354,12,749.8
504355,7,268.5
504356,5,677.6
504357,7,274.6
504358,2,71.2
504359,1,69.3
504360,2,42.2
504361,7,197.0
504362,2,126.0
504363,6,132.9
504364,2,51.9
504365,5,102.2
504366,4,131.2
504367,2,163.6
504368,1,39.1
504369,4,152.2
504370,4,37.4
504371,4,171.0
504372,4,253.0
504373,7,174.3
504374,2,87.9
504375,2,48.5
504376,3,56.0
504377,4,106.7
504378,1,26.2
504379,4,173.1
504380,3,73.2
504381,4,138.3
504382,5,156.9
504383,3,241.3
504384,1,55.5
504385,6,239.9
504386,8,354.2
504387,2,87.7
504388,5,144.8
504389,4,206.5
504390,6,149.2
504391,1,20.5
504392,10,457.9
504393,3,61.8
504394,16,305.1
504395,4,93.4
504396,8,332.2
504397,1,29.3
504398,5,336.9
504399,6,278.0
504400,4,191.2
504401,1,74.4
504402,9,155.5
504403,22,1130.4
504404,1,15.0
504405,1,33.9
504406,2,35.9
504407,6,269.3
504408,3,163.4
504409,2,51.1
504410,4,464.2
504411,2,44.8
504412,5,75.0
504413,2,60.9
504414,1,45.1
504415,2,81.1
504416,1,62.7
504417,7,313.8
504418,11,381.2
504419,5,85.2
504420,4,414.7
504421,12,1025.8
504422,8,81.6
504423,4,141.6
504424,4,117.7
504425,7,816.3
504426,4,74.6
504427,4,53.0
504428,8,511.7
504429,8,82.2
504430,2,124.0
504431,1,83.0
504432,2,78.6
504433,14,1089.1
504434,2,100.7
504435,3,90.0
504436,5,305.1
504437,2,128.3
504438,3,163.9
504439,1,45.6
504440,2,111.4
504441,2,51.4
504442,2,29.5
504443,5,186.0
504444,6,435.3
504445,2,101.1
504446,5,83.4
504447,9,272.2
504448,10,651.0
504449,8,465.6
504450,4,110.1
504451,1,42.4
504452,5,145.5
504453,11,405.3
504454,5,356.0
504455,9,184.1
504456,2,42.6
504457,6,343.6
504458,2,70.5
504459,7,386.3
504460,6,332.6
504461,7,205.0
504462,5,395.6
504463,4,165.6
504464,17,638.3
504465,13,338.5
504466,4,180.5
504467,3,116.8
504468,10,168.6
504469,2,166.3
504470,9,257.1
504471,2,75.7
504472,5,98.0
504473,3,246.8
504474,16,492.0
504475,1,52.0
504476,13,629.6
504477,6,397.6
504478,5,261.2
504479,2,128.7
504480,6,389.8
504481,19,416.4
504482,7,161.6
504483,1,68.1
504484,8,327.6
504485,1,32.2
504486,4,284.4
504487,5,142.7
504488,3,114.5
504489,9,380.5
504490,2,85.1
504491,6,163.5
504492,4,82.7
504493,6,324.2
504494,6,197.7
504495,6,302.9
504496,2,94.2
504497,5,248.7
504498,4,351.7
504499,8,197.9
504500,5,198.3
504501,11,287.8
504502,7,281.4
504503,13,803.8
504504,4,149.1
504505,3,89.1
504506,3,65.7
504507,6,118.6
504508,6,111.8
504509,3,58.3
504510,4,179.5
504511,1,49.4
504512,1,27.5
504513,5,444.3
504514,1,73.2
504515,2,47.6
504516,3,57.7
504517,6,158.1
504518,4,132.4
504519,3,56.8
504520,1,27.1
504521,8,279.8
504522,10,527.4
504523,1,25.4
504524,4,101.6
504525,2,71.5
504526,7,264.4
504527,5,141.4
504528,9,370.7
504529,2,47.5
504530,10,183.2
504531,7,148.1
504532,3,91.9
504533,5,257.4
504534,3,160.7
504535,16,447.0
504536,2,23.8
504537,2,43.2
504538,2,17.6
504539,4,70.3
504540,4,115.0
504541,5,129.5
504542,18,752.3
504543,11,257.0
504544,2,109.0
504545,4,119.7
504546,1,19.1
504547,3,138.3
504548,10,281.9
504549,2,54.5
504550,2,97.6
504551,3,62.7
504552,7,210.8
504553,3,137.3
504554,1,28.7
504555,15,1014.9
504556,3,165.1
504557,2,46.4
504558,4,308.6
504559,1,42.1
504560,4,154.1
504561,6,413.2
504562,4,131.8
504563,4,130.7
504564,2,26.9
504565,6,76.4
504566,17,1122.5
504567,4,122.8
504568,5,186.0
504569,1,40.4
504570,4,158.9
504571,6,198.2
504572,6,150.6
504573,3,156.2
504574,1,52.7
504575,5,175.4
504576,7,77.9
504577,12,369.8
504578,8,234.8
504579,4,243.3
504580,16,414.6
504581,2,48.9
504582,14,464.6
504583,3,139.8
504584,18,1103.4
504585,11,235.7
504586,3,116.7
504587,19,474.9
504588,1,66.1
504589,3,35.5
504590,9,182.7
504591,12,1547.4
504592,2,139.8
504593,1,18.5
504594,3,600.6
504595,5,296.4
504596,8,293.0
504597,4,245.2
504598,6,104.0
504599,1,34.5
504600,6,187.1
504601,2,117.0
504602,15,854.4
504603,10,342.6
504604,4,117.4
504605,4,171.1
504606,4,226.8
504607,11,331.9
504608,6,219.2
504609,1,27.9
504610,3,81.5
504611,3,173.8
504612,8,302.3
504613,10,343.9
504614,6,133.8
504615,1,30.5
504616,2,66.1
504617,9,478.0
504618,2,74.6
504619,5,323.9
504620,10,500.9
504621,5,124.3
504622,5,213.7
504623,6,157.0
504624,4,92.5
504625,7,83.6
504626,13,745.6
504627,4,138.2
504628,1,94.4
504629,5,238.7
504630,7,168.5
504631,5,147.3
504632,10,305.1
504633,7,167.2
504634,8,185.9
504635,1,23.2
504636,8,252.4
504637,5,281.6
504638,10,489.8
504639,3,37.1
504640,1,53.1
504641,4,124.5
504642,9,323.6
504643,3,98.0
504644,1,16.2
504645,7,265.4
504646,8,652.0
504647,5,158.9
504648,2,57.6
504649,1,16.1
504650,8,166.1
504651,3,62.6
504652,1,24.5
504653,2,102.9
504654,7,254.1
504655,6,109.3
504656,1,28.4
504657,10,253.1
504658,3,166.6
504659,6,301.5
504660,4,191.6
504661,7,292.4
504662,4,137.7
504663,1,33.1
504664,10,257.5
504665,1,49.9
504666,1,28.8
504667,3,54.2
504668,3,123.2
504669,13,703.3
504670,1,41.8
504671,3,185.6
504672,6,168.8
504673,7,237.9
504674,2,102.6
504675,1,25.8
504676,4,200.6
504677,10,325.3
504678,10,206.7
504679,4,147.3
504680,7,373.3
504681,13,139.6
504682,3,79.0
504683,3,248.2
504684,1,49.8
504685,12,274.5
504686,4,128.4
504687,3,113.7
504688,7,846.9
504689,1,34.9
504690,1,66.7
504691,6,352.6
504692,2,37.8
504693,1,29.8
504694,2,162.1
504695,4,341.8
504696,4,108.7
504697,10,464.4
504698,4,197.3
504699,5,199.6
504700,15,490.6
504701,3,59.6
504702,6,144.0
504703,11,370.5
504704,6,358.0
504705,7,192.7
504706,4,113.9
504707,1,58.4
504708,4,79.7
504709,16,279.6
504710,1,82.5
504711,3,140.9
504712,5,107.0
504713,7,184.7
504714,6,127.4
504715,4,122.1
504716,4,183.0
504717,7,266.5
504718,5,180.2
504719,3,43.4
504720,2,171.8
504721,9,340.8
504722,6,125.9
504723,6,225.0
504724,6,226.8
504725,8,157.1
504726,2,51.4
504727,1,109.5
504728,7,159.7
504729,4,203.9
504730,3,117.2
504731,7,442.2
504732,3,200.8
504733,3,93.0
504734,2,131.9
504735,1,40.7
504736,2,48.6
504737,1,28.7
504738,3,158.4
504739,3,127.3
504740,4,193.2
504741,3,231.7
504742,9,167.2
504743,13,632.5
504744,1,36.5
504745,1,24.0
504746,3,171.3
504747,7,159.5
504748,1,93.5
504749,1,63.1
504750,14,423.0
504751,7,357.9
504752,1,28.5
504753,1,41.0
504754,5,211.9
504755,5,392.5
504756,2,102.2
504757,4,116.7
504758,11,155.6
504759,2,86.4
504760,1,22.9
504761,5,161.4
504762,1,39.3
504763,3,184.9
504764,3,137.4
504765,1,64.3
504766,12,251.6
504767,8,293.0
504768,13,650.5
504769,17,569.3
504770,1,43.7
504771,3,354.3
504772,6,280.2
504773,6,451.2
504774,3,44.9
504775,4,84.3
504776,3,98.0
504777,2,61.8
504778,4,108.4
504779,1,42.1
504780,6,365.6
504781,5,252.8
504782,9,494.1
504783,21,785.1
504784,3,296.0
504785,1,50.8
504786,5,200.6
504787,23,1040.6
504788,11,514.2
504789,2,119.7
504790,1,43.6
504791,8,296.6
504792,1,33.6
504793,5,113.5
504794,5,157.8
504795,12,339.5
504796,1,76.7
504797,9,246.1
504798,3,109.9
504799,11,274.7
504800,5,122.7
504801,6,128.6
504802,4,172.3
504803,3,43.8
504804,13,170.0
504805,2,64.8
504806,4,176.1
504807,1,37.3
504808,2,37.7
504809,2,161.1
504810,1,47.9
504811,6,213.3
504812,11,482.5
504813,4,56.3
504814,13,871.6
504815,14,349.4
504816,22,1050.2
504817,2,61.9
504818,6,234.5
504819,1,24.7
504820,3,57.3
504821,2,135.5
504822,15,475.1
504823,11,597.8
504824,8,443.2
504825,12,664.7
504826,9,698.8
504827,5,247.5
504828,1,41.3
504829,5,150.6
504830,11,592.7
504831,16,471.9
504832,6,208.2
504833,2,32.9
504834,4,88.4
504835,3,107.4
504836,2,92.7
504837,16,1376.7
504838,15,588.6
504839,10,555.8
504840,7,244.6
504841,3,139.3
504842,9,539.6
504843,10,368.0
504844,3,61.7
504845,8,413.2
504846,17,711.6
504847,1,42.1
504848,4,116.3
504849,3,252.1
504850,1,33.6
504851,9,166.3
504852,5,126.4
504853,5,193.6
504854,9,171.1
504855,14,397.0
504856,15,1314.3
504857,3,42.1
504858,4,83.1
504859,6,251.4
504860,7,161.9
504861,9,274.2
504862,3,91.1
504863,7,236.1
504864,13,229.9
504865,1,51.7
504866,2,88.0
504867,1,38.5
504868,2,21.2
504869,2,51.7
504870,5,187.2
504871,10,194.1
504872,2,99.8
504873,14,661.1
504874,4,141.8
504875,2,75.8
504876,7,194.6
504877,2,58.6
504878,9,358.6
504879,4,172.1
504880,12,455.2
504881,4,143.0
504882,2,51.8
504883,1,33.8
504884,9,257.7
504885,3,115.1
504886,2,89.1
504887,1,53.2
504888,7,158.1
504889,1,20.0
504890,2,43.2
504891,2,54.2
504892,6,164.3
504893,3,93.9
504894,2,38.4
504895,5,97.3
504896,12,241.5
504897,5,90.5
504898,4,82.2
504899,2,46.0
504900,3,236.9
504901,5,148.0
504902,2,94.5
504903,6,235.8
504904,9,489.4
504905,4,170.5
504906,4,334.7
504907,6,160.9
504908,6,240.0
504909,2,51.8
504910,17,293.3
504911,2,68.5
504912,2,70.6
504913,10,336.4
504914,12,391.7
504915,5,268.8
504916,2,67.7
504917,1,40.8
504918,7,501.1
504919,8,197.7
504920,5,126.7
504921,12,329.1
504922,8,230.7
504923,6,221.1
504924,6,320.2
504925,1,67.2
504926,1,51.0
504927,2,85.7
504928,1,46.8
504929,1,39.4
504930,3,130.7
504931,8,208.5
504932,5,290.6
504933,4,84.3
504934,3,90.5
504935,17,996.4
504936,1,34.5
504937,8,304.7
504938,6,101.7
504939,17,363.0
504940,6,145.5
504941,10,272.2
504942,2,165.3
504943,1,62.6
504944,1,40.8
504945,3,75.8
504946,4,630.6
504947,4,181.9
504948,7,187.3
504949,6,343.5
504950,2,58.8
504951,3,59.8
504952,1,53.5
504953,10,655.2
504954,6,90.4
504955,1,47.7
504956,1,79.7
504957,18,439.6
504958,3,224.4
504959,1,69.7
504960,3,52.2
504961,1,20.1
504962,2,36.6
504963,3,67.2
504964,3,68.6
504965,14,872.4
504966,2,25.0
504967,4,111.8
504968,6,232.9
504969,1,25.4
504970,5,150.5
504971,11,579.5
504972,13,1227.4
504973,2,103.2
504974,9,149.5
504975,8,520.0
504976,2,70.6
504977,3,167.4
504978,2,72.9
504979,8,260.5
504980,1,32.4
504981,6,467.4
504982,4,185.7
504983,9,263.1
504984,2,53.7
504985,2,131.1
504986,2,137.3
504987,4,228.7
504988,6,143.1
504989,16,704.2
504990,5,185.8
504991,7,240.4
504992,2,113.7
504993,3,70.0
504994,3,142.7
504995,5,89.1
504996,6,294.5
504997,1,63.9
504998,15,269.0
504999,3,83.4
505000,6,139.6
505001,2,73.7
505002,3,192.0
505003,5,203.8
505004,3,61.7
505005,3,77.0
505006,3,47.1
505007,2,50.9
505008,1,20.3
505009,7,129.6
505010,5,258.1
505011,4,93.2
505012,1,35.0
505013,4,157.8
505014,12,713.5
505015,2,87.5
505016,8,68.1
505017,3,137.1
505018,7,467.5
505019,2,195.3
505020,4,282.9
505021,10,366.8
505022,5,133.8
505023,4,159.6
505024,5,154.7
505025,3,65.1
505026,3,154.7
505027,1,9.0
505028,7,128.7
505029,6,113.7
505030,3,171.1
505031,5,229.2
505032,11,393.5
505033,8,465.3
505034,1,42.5
505035,2,112.3
505036,6,142.8
505037,13,332.0
505038,1,21.5
505039,9,288.5
505040,4,124.2
505041,7,206.5
505042,1,34.9
505043,10,621.2
505044,7,385.1
505045,1,40.7
505046,1,36.1
505047,20,1038.8
505048,10,305.0
505049,1,21.9
505050,18,1056.9
505051,8,190.0
505052,9,540.8
505053,1,67.4
505054,4,96.7
505055,5,129.2
505056,4,74.3
505057,11,289.0
505058,8,553.2
505059,2,62.2
505060,2,183.7
505061,2,112.5
505062,4,112.2
505063,2,66.2
505064,1,77.8
505065,10,544.4
505066,3,65.6
505067,6,233.6
505068,1,30.0
505069,4,58.0
505070,5,189.4
505071,8,153.0
505072,9,257.3
505073,4,46.8
505074,1,42.2
505075,2,63.1
505076,1,43.9
505077,3,137.1
505078,3,99.2
505079,6,74.8
505080,17,237.7
505081,2,23.2
505082,7,244.0
505083,15,1790.2
505084,4,155.8
505085,2,37.8
505086,9,674.7
505087,1,30.3
505088,1,45.2
505089,2,79.7
505090,2,61.8
505091,15,235.1
505092,1,35.7
505093,2,52.5
505094,4,91.2
505095,2,40.8
505096,5,154.5
505097,5,84.0
505098,3,139.2
505099,5,132.8
505100,12,883.2
505101,8,382.4
505102,2,70.6
505103,14,315.6
505104,3,81.7
505105,2,36.1
505106,4,96.2
505107,5,352.3
505108,8,393.9
505109,7,106.1
505110,1,40.2
505111,1,59.6
505112,3,196.2
505113,5,93.7
505114,1,143.8
505115,8,266.6
505116,9,229.1
505117,2,48.6
505118,1,35.0
505119,2,117.6
505120,9,294.2
505121,5,198.8
505122,14,527.3
505123,1,42.2
505124,1,34.2
505125,20,868.7
505126,1,84.0
505127,5,131.9
505128,6,113.8
505129,2,66.0
505130,13,273.9
505131,4,73.1
505132,3,112.2
505133,3,35.1
505134,2,26.5
505135,5,375.0
505136,1,69.5
505137,14,1661.3
505138,4,97.6
505139,6,262.2
505140,4,132.6
505141,7,247.2
505142,6,164.2
505143,8,76.0
505144,1,52.6
505145,6,315.1
505146,2,70.2
505147,2,26.6
505148,4,348.3
505149,4,140.4
505150,11,410.0
505151,3,264.9
505152,3,112.7
505153,6,179.8
505154,1,101.5
505155,10,254.9
505156,7,388.7
505157,2,49.3
505158,1,136.7
505159,3,97.3
505160,3,38.3
505161,1,42.9
505162,4,174.9
505163,10,141.6
505164,4,248.7
505165,10,226.1
505166,1,64.9
505167,5,691.3
505168,5,153.4
505169,4,127.0
505170,3,56.3
505171,9,713.9
505172,5,55.2
505173,2,121.0
505174,4,209.8
505175,2,51.9
505176,3,100.3
505177,2,51.6
505178,9,243.4
505179,3,140.0
505180,1,45.0
505181,5,127.1
505182,6,400.0
505183,6,117.6
505184,2,52.8
505185,18,822.6
505186,4,81.7
505187,2,67.4
505188,11,148.1
505189,1,29.2
505190,10,266.7
505191,4,94.9
505192,2,46.3
505193,2,76.7
505194,3,70.0
505195,1,20.6
505196,3,96.1
505197,2,133.2
505198,1,19.6
505199,6,318.5
505200,2,121.0
505201,1,120.4
505202,2,63.6
505203,2,66.8
505204,1,36.4
505205,4,166.8
505206,5,284.6
505207,3,75.1
505208,1,185.9
505209,7,282.0
505210,7,222.2
505211,7,156.4
505212,4,134.9
505213,1,36.1
505214,4,231.6
505215,16,556.6
505216,1,94.4
505217,3,43.9
505218,5,199.9
505219,1,27.8
505220,2,51.6
505221,8,286.4
505222,7,345.6
505223,4,155.6
505224,3,152.1
505225,6,439.7
505226,6,222.3
505227,5,150.3
505228,4,199.6
505229,3,67.2
505230,1,42.3
505231,4,128.0
505232,4,76.7
505233,9,629.0
505234,1,59.4
505235,4,434.9
505236,9,358.2
505237,10,501.9
505238,1,89.5
505239,12,174.7
505240,8,300.9
505241,17,735.4
505242,1,66.4
505243,10,1247.0
505244,14,330.4
505245,6,301.4
505246,4,289.7
505247,4,299.0
505248,13,571.3
505249,1,51.2
505250,2,45.0
505251,1,79.9
505252,4,64.2
505253,2,36.0
505254,9,441.2
505255,4,138.0
505256,5,159.0
505257,2,73.0
505258,7,193.8
505259,5,88.8
505260,1,68.3
505261,2,76.0
505262,4,47.6
505263,2,85.2
505264,6,137.7
505265,3,44.0
505266,4,88.6
505267,2,124.9
505268,11,750.1
505269,3,159.5
505270,5,98.0
505271,2,72.1
505272,4,232.9
505273,1,17.7
505274,1,51.1
505275,2,82.2
505276,5,896.6
505277,7,565.6
505278,6,194.5
505279,16,567.7
505280,3,72.0
505281,7,171.0
505282,13,249.1
505283,3,52.3
505284,1,32.3
505285,2,84.9
505286,8,263.7
505287,8,206.5
505288,1,26.8
505289,2,87.6
505290,2,62.0
505291,4,95.8
505292,7,232.7
505293,2,119.7
505294,3,108.1
505295,6,285.6
505296,3,46.1
505297,1,73.5
505298,16,1017.7
505299,1,51.1
505300,3,62.9
505301,4,152.5
505302,3,73.4
505303,8,178.8
505304,2,29.9
505305,4,69.4
505306,3,60.4
505307,6,436.3
505308,4,91.2
505309,2,154.0
505310,3,144.9
505311,7,320.2
505312,3,53.9
505313,4,170.2
505314,2,34.1
505315,2,37.7
505316,7,307.0
505317,10,600.8
505318,5,118.7
505319,13,464.1
505320,3,106.3
505321,3,257.4
505322,3,101.1
505323,10,360.3
505324,3,147.2
505325,4,237.0
505326,2,54.6
505327,1,78.3
505328,4,162.3
505329,3,121.2
505330,3,124.9
505331,5,72.1
505332,1,26.9
505333,6,308.8
505334,2,60.6
505335,10,554.0
505336,6,341.5
505337,1,97.7
505338,6,106.9
505339,5,485.5
505340,4,93.7
505341,1,49.3
505342,7,385.1
505343,8,436.2
505344,3,138.0
505345,4,187.7
505346,2,52.7
505347,5,297.6
505348,5,197.0
505349,3,127.9
505350,2,90.4
505351,2,107.5
505352,4,96.3
505353,4,61.4
505354,3,144.4
505355,2,38.0
505356,18,189.5
505357,6,264.4
505358,7,128.8
505359,4,223.3
505360,19,736.9
505361,2,125.5
505362,2,103.5
505363,4,199.9
505364,1,25.2
505365,1,56.8
505366,7,167.8
505367,4,275.8
505368,1,31.8
505369,5,107.6
505370,9,336.6
505371,2,40.6
505372,7,540.2
505373,9,473.1
505374,5,61.2
505375,5,162.8
505376,1,49.1
505377,1,40.4
505378,2,68.1
505379,8,320.9
505380,17,213.5
505381,1,101.5
505382,3,105.1
505383,8,245.5
505384,3,77.8
505385,3,298.3
505386,1,37.3
505387,4,121.9
505388,6,202.1
505389,2,68.0
505390,5,44.4
505391,2,45.8
505392,1,56.3
505393,4,327.7
505394,5,139.1
505395,4,105.7
505396,3,247.9
505397,3,287.6
505398,1,41.2
505399,2,119.6
505400,9,512.3
505401,5,282.4
505402,3,88.0
505403,3,64.7
505404,2,118.2
505405,1,82.2
505406,8,341.2
505407,2,80.7
505408,4,110.7
505409,3,120.6
505410,1,47.2
505411,3,170.3
505412,3,62.3
505413,4,158.3
505414,6,415.6
505415,1,45.0
505416,2,191.8
505417,7,345.4
505418,3,134.4
505419,2,71.6
505420,7,496.4
505421,3,254.4
505422,2,47.8
505423,13,670.3
505424,6,527.6
505425,4,146.7
505426,5,237.9
505427,4,156.9
505428,17,505.7
505429,8,339.2
505430,5,184.1
505431,3,147.3
505432,2,38.4
505433,3,164.6
505434,1,75.4
505435,2,66.6
505436,3,294.7
505437,6,135.0
505438,2,44.7
505439,5,188.8
505440,17,1048.9
505441,4,117.4
505442,6,368.9
505443,6,204.8
505444,23,652.4
505445,5,432.0
505446,7,198.2
505447,1,30.9
505448,1,32.3
505449,2,118.3
505450,5,171.2
505451,1,42.4
505452,8,298.0
505453,3,104.4
505454,19,995.3
505455,16,337.9
505456,4,59.4
505457,4,87.8
505458,13,495.5
505459,11,296.9
505460,6,150.2
505461,2,107.7
505462,3,105.8
505463,2,127.6
505464,1,62.9
505465,9,300.5
505466,3,192.1
505467,5,56.7
505468,8,304.9
505469,3,168.9
505470,2,44.1
505471,1,49.4
505472,5,80.8
505473,4,146.0
505474,9,200.6
505475,6,220.6
505476,9,362.5
505477,5,114.9
505478,10,308.2
505479,1,60.6
505480,4,154.8
505481,5,290.4
505482,2,37.1
505483,1,48.2
505484,4,327.7
505485,8,530.7
505486,6,60.8
505487,11,295.8
505488,8,179.3
505489,1,37.2
505490,15,588.8
505491,11,894.7
505492,1,37.5
505493,6,126.9
505494,6,260.2
505495,12,352.1
505496,16,312.2
505497,25,439.0
505498,6,267.8
505499,8,302.1
505500,1,40.8
505501,5,143.8
505502,2,66.7
505503,2,67.0
505504,4,152.7
505505,1,20.8
505506,7,316.5
505507,1,50.6
505508,8,357.4
505509,7,253.9
505510,3,180.1
505511,6,235.6
505512,3,135.8
505513,4,125.9
505514,3,91.0
505515,2,40.9
505516,8,432.7
505517,1,33.9
505518,6,406.3
505519,4,352.9
505520,3,150.1
505521,5,97.6
505522,3,69.8
505523,2,82.9
505524,5,212.4
505525,5,282.0
505526,3,107.2
505527,1,35.2
505528,1,24.7
505529,2,66.5
505530,4,140.7
505531,25,1277.9
505532,3,105.8
505533,1,26.4
505534,1,56.8
505535,10,156.4
505536,8,261.0
505537,3,142.6
505538,2,26.7
505539,3,48.0
505540,5,155.9
505541,7,227.0
505542,2,51.0
505543,3,378.1
505544,8,174.0
505545,1,34.1
505546,5,101.1
505547,6,121.5
505548,6,328.0
505549,6,114.6
505550,3,95.3
505551,5,183.3
505552,10,410.4
505553,24,617.2
505554,4,74.5
505555,4,76.8
505556,2,65.2
505557,1,37.0
505558,10,356.3
505559,5,76.3
505560,5,275.5
505561,1,30.0
505562,5,296.9
505563,7,210.4
505564,3,122.0
505565,6,149.2
505566,4,256.9
505567,3,62.7
505568,4,234.1
505569,5,126.2
505570,2,55.5
505571,3,182.4
505572,3,97.9
505573,2,146.8
505574,7,455.8
505575,1,14.6
505576,14,487.2
505577,13,580.6
505578,3,94.5
505579,3,144.1
505580,6,112.9
505581,3,70.9
505582,3,182.7
505583,1,33.4
505584,7,421.0
505585,8,168.3
505586,3,114.2
505587,1,75.2
505588,2,147.8
505589,2,50.7
505590,4,81.9
505591,1,25.3
505592,2,132.5
505593,1,49.2
505594,3,142.8
505595,3,66.6
505596,7,121.3
505597,13,364.4
505598,7,338.3
505599,5,118.2
505600,11,311.9
505601,1,58.0
505602,4,155.3
505603,7,197.9
505604,1,31.6
505605,10,360.2
505606,7,127.8
505607,2,108.7
505608,1,58.5
505609,7,212.2
505610,3,87.8
505611,1,66.5
505612,3,483.3
505613,1,45.4
505614,6,179.2
505615,1,43.0
505616,8,614.4
505617,2,107.8
505618,8,290.6
505619,9,330.6
505620,5,176.1
505621,8,131.4
505622,1,74.6
505623,2,52.6
505624,2,82.9
505625,2,39.2
505626,2,58.4
505627,8,414.0
505628,12,534.7
505629,4,180.0
505630,2,132.2
505631,4,80.1
505632,9,118.1
505633,2,57.1
505634,8,320.9
505635,5,111.4
505636,1,21.2
505637,5,530.2
505638,2,52.2
505639,9,727.5
505640,1,61.0
505641,15,807.8
505642,2,123.8
505643,2,72.6
505644,11,237.0
505645,8,330.6
505646,3,107.8
505647,3,234.5
505648,18,938.2
505649,2,36.7
505650,3,75.1
505651,1,39.4
505652,12,646.8
505653,2,34.3
505654,2,165.2
505655,5,79.4
505656,4,247.9
505657,1,42.2
505658,3,158.9
505659,3,119.0
505660,1,15.1
505661,2,63.3
505662,7,187.4
505663,4,161.0
505664,15,519.7
505665,1,71.6
505666,9,568.2
505667,1,48.3
505668,2,57.0
505669,5,120.5
505670,16,604.4
505671,2,58.2
505672,2,113.7
505673,7,90.5
505674,6,195.2
505675,1,52.1
505676,3,409.2
505677,5,197.5
505678,3,301.1
505679,6,222.4
505680,9,629.8
505681,1,42.1
505682,1,48.1
505683,7,234.0
505684,2,52.9
505685,3,117.4
505686,12,401.8
505687,5,283.7
505688,7,72.0
505689,2,40.3
505690,6,156.6
505691,4,61.5
505692,13,357.0
505693,4,156.3
505694,1,44.1
505695,11,553.4
505696,1,56.7
505697,1,95.1
505698,4,192.9
505699,7,492.6
505700,6,186.4
505701,11,1144.2
505702,7,361.4
505703,11,476.3
505704,9,320.1
505705,2,51.6
505706,2,76.4
505707,1,19.1
505708,3,103.9
505709,9,268.1
505710,3,94.0
505711,2,35.9
505712,4,75.3
505713,5,413.0
505714,8,289.7
505715,10,512.9
505716,2,35.5
505717,12,201.7
505718,6,240.2
505719,6,270.8
505720,2,60.7
505721,3,108.8
505722,5,120.3
505723,4,233.5
505724,3,242.0
505725,2,120.8
505726,2,32.9
505727,1,49.0
505728,5,161.8
505729,11,349.2
505730,2,86.8
505731,22,704.4
505732,4,155.3
505733,3,98.0
505734,2,42.0
505735,8,165.4
505736,3,109.3
505737,2,50.7
505738,7,448.2
505739,16,949.2
505740,3,88.9
505741,14,644.6
505742,25,1059.4
505743,2,65.0
505744,7,334.5
505745,8,363.1
505746,9,268.4
505747,13,196.1
505748,3,71.7
505749,5,360.0
505750,10,142.9
505751,4,282.0
505752,2,48.6
505753,1,18.5
505754,14,291.7
505755,3,32.6
505756,4,52.9
505757,8,423.9
505758,4,55.8
505759,7,130.0
505760,2,65.6
505761,1,40.6
505762,1,53.8
505763,2,69.1
505764,1,39.1
505765,1,52.2
505766,9,462.8
505767,7,319.6
505768,1,73.1
505769,3,41.8
505770,3,59.0
505771,6,278.1
505772,2,51.5
505773,2,52.7
505774,6,224.2
505775,7,132.4
505776,2,89.1
505777,7,219.1
505778,4,113.2
505779,1,28.9
505780,1,24.2
505781,6,136.5
505782,4,82.7
505783,6,172.0
505784,2,70.7
505785,9,235.4
505786,1,116.6
505787,3,193.2
505788,4,64.3
505789,4,141.6
505790,2,96.9
505791,3,405.8
505792,2,41.8
505793,4,482.0
505794,6,132.4
505795,11,410.5
505796,3,56.8
505797,3,102.1
505798,1,23.9
505799,12,354.0
505800,9,590.3
505801,9,349.8
505802,3,144.6
505803,3,41.2
505804,5,71.2
505805,4,234.9
505806,6,536.8
505807,6,220.9
505808,2,84.9
505809,3,49.6
505810,1,38.6
505811,11,952.4
505812,3,272.8
505813,6,238.6
505814,4,52.4
505815,9,452.6
505816,3,101.8
505817,2,42.5
505818,4,214.1
505819,10,751.6
505820,7,330.3
505821,10,559.0
505822,12,408.8
505823,3,119.4
505824,3,158.1
505825,1,55.8
505826,4,95.1
505827,4,251.0
505828,2,24.2
505829,7,281.2
505830,7,574.4
505831,1,52.9
505832,9,604.3
505833,1,55.4
505834,2,150.3
505835,2,113.3
505836,1,24.0
505837,2,148.3
505838,5,295.1
505839,10,269.1
505840,17,350.3
505841,1,49.0
505842,15,598.2
505843,2,88.9
505844,2,78.0
505845,3,122.0
505846,15,646.7
505847,4,313.5
505848,11,943.0
505849,9,379.6
505850,1,31.9
505851,6,184.2
505852,11,333.2
505853,2,63.1
505854,6,90.8
505855,7,177.2
505856,2,71.6
505857,5,293.3
505858,6,211.4
505859,7,285.6
505860,2,53.2
505861,5,54.9
505862,19,330.7
505863,6,201.7
505864,13,233.8
505865,19,327.7
505866,3,52.2
505867,7,241.9
505868,1,40.3
505869,12,226.2
505870,3,157.9
505871,1,37.1
505872,7,107.2
505873,4,182.0
505874,11,181.4
505875,3,69.4
505876,3,48.8
505877,4,120.9
505878,2,44.7
505879,3,80.2
505880,7,161.0
505881,1,40.3
505882,17,616.4
505883,5,61.3
505884,3,94.2
505885,8,193.2
505886,5,300.2
505887,1,46.1
505888,1,56.5
505889,3,74.0
505890,3,171.8
505891,14,375.4
505892,1,35.8
505893,16,408.1
505894,2,74.6
505895,10,664.0
505896,8,318.3
505897,5,89.0
505898,4,89.5
505899,13,2438.1
505900,3,175.7
505901,1,29.6
505902,6,507.1
505903,3,90.6
505904,1,113.3
505905,7,258.0
505906,3,78.9
505907,4,145.8
505908,4,108.4
505909,4,109.6
505910,2,31.8
505911,5,220.2
505912,1,51.4
505913,3,130.3
505914,4,78.9
505915,5,150.1
505916,3,138.8
505917,6,413.8
505918,2,23.3
505919,8,142.4
505920,2,36.8
505921,3,117.2
505922,1,62.8
505923,4,123.8
505924,2,38.5
505925,7,318.9
505926,7,124.7
505927,3,111.8
505928,3,110.7
505929,3,82.2
505930,7,137.8
505931,2,122.6
505932,4,336.4
505933,3,58.1
505934,3,69.7
505935,2,51.4
505936,3,197.2
505937,1,49.3
505938,2,97.3
505939,7,230.7
505940,2,47.3
505941,6,128.9
505942,4,87.6
505943,6,487.8
505944,5,444.8
505945,7,250.6
505946,8,137.5
505947,3,113.4
505948,11,149.9
505949,11,491.4
505950,8,110.7
505951,6,322.8
505952,2,58.9
505953,18,804.5
505954,7,315.0
505955,2,76.1
505956,4,266.6
505957,5,110.8
505958,2,195.0
505959,10,228.2
505960,5,245.0
505961,3,165.6
505962,6,173.9
505963,8,143.8
505964,3,52.3
505965,7,124.9
505966,4,277.8
505967,2,60.8
505968,3,161.8
505969,1,38.3
505970,18,218.2
505971,3,284.3
505972,2,110.6
505973,13,369.8
505974,6,293.0
505975,7,106.1
505976,5,179.3
505977,4,81.9
505978,5,166.8
505979,11,688.2
505980,3,53.5
505981,3,148.6
505982,6,152.4
505983,7,218.0
505984,2,89.9
505985,11,342.2
505986,14,384.6
505987,2,22.6
505988,2,120.2
505989,2,35.7
505990,1,40.7
505991,2,42.6
505992,1,12.9
505993,10,375.8
505994,5,159.2
505995,3,175.6
505996,12,398.5
505997,9,407.6
505998,2,117.4
505999,9,490.8
506000,2,141.5
506001,3,116.3
506002,5,116.6
506003,12,401.6
506004,16,706.7
506005,2,71.2
506006,4,181.2
506007,9,320.2
506008,1,95.2
506009,1,92.9
506010,7,124.3
506011,10,407.7
506012,3,176.7
506013,1,23.8
506014,2,41.9
506015,3,376.1
506016,3,110.6
506017,1,17.4
506018,5,104.4
506019,2,58.5
506020,3,180.8
506021,5,217.8
506022,3,70.2
506023,1,9.8
506024,4,215.7
506025,1,43.7
506026,1,65.8
506027,4,99.6
506028,1,46.7
506029,3,76.1
506030,7,153.2
506031,1,43.9
506032,4,121.0
506033,5,72.0
506034,6,322.3
506035,7,262.4
506036,6,361.7
506037,4,184.6
506038,1,34.3
506039,3,78.0
506040,1,22.0
506041,19,643.9
506042,15,265.6
506043,1,46.3
506044,5,221.2
506045,3,55.8
506046,14,933.0
506047,2,17.3
506048,7,90.5
506049,4,115.8
506050,2,93.9
506051,3,71.0
506052,4,195.1
506053,3,123.3
506054,9,360.1
506055,4,126.6
506056,13,501.9
506057,4,286.9
506058,2,58.5
506059,8,250.0
506060,5,125.1
506061,1,26.7
506062,2,104.6
506063,1,47.3
506064,11,322.1
506065,9,527.6
506066,7,462.7
506067,4,220.5
506068,9,361.1
506069,7,672.5
506070,2,34.0
506071,6,275.9
506072,9,804.8
506073,10,284.2
506074,7,178.1
506075,4,111.3
506076,6,227.2
506077,1,104.1
506078,3,145.0
506079,2,154.7
506080,1,52.5
506081,7,329.1
506082,5,212.8
506083,11,222.9
506084,3,47.3
506085,1,15.5
506086,9,332.9
506087,11,136.5
506088,13,563.0
506089,5,416.4
506090,5,157.8
506091,5,82.2
506092,12,379.1
506093,4,177.2
506094,9,830.4
506095,3,108.5
506096,1,41.3
506097,4,162.2
506098,3,354.2
506099,8,255.4
506100,5,81.7
506101,1,28.9
506102,5,75.8
506103,2,58.9
506104,1,28.5
506105,6,668.4
506106,5,127.7
506107,5,130.4
506108,5,651.5
506109,7,243.0
506110,7,239.4
506111,4,203.1
506112,1,39.8
506113,2,36.8
506114,3,170.5
506115,3,88.0
506116,8,159.1
506117,12,309.7
506118,1,21.6
506119,4,92.9
506120,5,211.6
506121,6,191.2
506122,4,131.0
506123,14,139.1
506124,5,91.5
506125,3,77.6
506126,6,80.8
506127,3,164.5
506128,7,282.7
506129,10,694.3
506130,3,169.8
506131,1,109.2
506132,4,191.8
506133,11,717.0
506134,1,40.3
506135,1,24.0
506136,5,195.6
506137,4,139.0
506138,15,402.4
506139,2,27.6
506140,2,31.0
506141,3,108.2
506142,1,32.8
506143,1,26.4
506144,6,98.3
506145,13,243.2
506146,1,23.0
506147,8,367.2
506148,3,205.9
506149,9,218.6
506150,1,62.0
506151,6,156.8
506152,3,29.4
506153,4,279.1
506154,6,54.5
506155,3,79.5
506156,1,50.1
506157,3,212.7
506158,5,184.8
506159,8,305.4
506160,1,95.5
506161,7,422.7
506162,3,133.7
506163,9,338.3
506164,8,338.8
506165,10,391.9
506166,6,328.8
506167,1,16.5
506168,11,294.7
506169,8,454.1
506170,6,441.7
506171,5,192.8
506172,7,152.2
506173,4,160.0
506174,4,136.3
506175,16,215.4
506176,8,521.7
506177,3,151.0
506178,3,42.6
506179,7,192.1
506180,2,70.1
506181,1,75.3
506182,8,148.5
506183,3,64.0
506184,1,79.6
506185,4,119.7
506186,3,118.4
506187,3,110.0
506188,6,129.3
506189,1,25.4
506190,6,217.9
506191,7,276.3
506192,1,17.2
506193,10,241.3
506194,3,98.4
506195,8,480.1
506196,2,82.2
506197,8,222.8
506198,9,1098.4
506199,4,106.5
506200,1,15.3
506201,8,302.6
506202,2,64.6
506203,1,29.7
506204,1,22.1
506205,2,68.8
506206,1,11.0
506207,15,375.8
506208,5,148.8
506209,2,70.5
506210,10,391.9
506211,1,22.1
506212,3,111.9
506213,7,1013.8
506214,4,109.4
506215,3,107.2
506216,3,145.8
506217,4,146.9
506218,5,133.9
506219,7,267.8
506220,3,83.1
506221,2,87.0
506222,2,93.2
506223,3,162.1
506224,5,145.3
506225,1,37.8
506226,3,83.9
506227,2,137.3
506228,2,35.9
506229,3,214.3
506230,3,142.5
506231,1,92.6
506232,8,252.7
506233,4,91.5
506234,2,35.4
506235,3,76.9
506236,3,54.6
506237,9,341.7
506238,16,439.8
506239,9,617.3
506240,5,90.0
506241,2,104.3
506242,10,299.8
506243,2,48.4
506244,2,64.4
506245,10,674.2
506246,6,328.7
506247,2,90.5
506248,6,114.7
506249,6,359.8
506250,7,320.2
506251,3,80.6
506252,15,537.5
506253,5,250.7
506254,1,52.0
506255,4,112.3
506256,8,122.1
506257,2,35.8
506258,3,64.6
506259,9,356.0
506260,3,52.8
506261,1,69.2
506262,2,36.8
506263,6,185.0
506264,8,572.4
506265,3,107.4
506266,5,140.8
506267,4,254.1
506268,5,170.6
506269,16,576.6
506270,2,88.6
506271,7,125.4
506272,12,142.9
506273,7,185.1
506274,5,150.2
506275,5,280.6
506276,6,180.6
506277,1,59.5
506278,19,1046.9
506279,6,136.9
506280,20,968.0
506281,8,201.6
506282,6,119.1
506283,6,190.0
506284,5,100.9
506285,1,34.2
506286,13,490.7
506287,10,233.5
506288,3,80.9
506289,5,109.0
506290,7,132.5
506291,2,116.0
506292,1,50.6
506293,4,292.3
506294,12,351.1
506295,5,257.9
506296,6,194.9
506297,8,303.0
506298,4,152.8
506299,3,100.3
506300,4,134.4
506301,2,141.5
506302,2,153.1
506303,3,251.6
506304,1,22.2
506305,1,62.9
506306,6,179.0
506307,1,39.9
506308,2,29.6
506309,12,303.9
506310,2,27.2
506311,7,271.3
506312,9,429.1
506313,10,270.5
506314,1,65.8
506315,6,137.5
506316,6,111.0
506317,4,171.2
506318,4,273.3
506319,10,343.0
506320,4,180.6
506321,1,30.0
506322,6,188.3
506323,7,231.6
506324,2,79.4
506325,7,189.9
506326,4,77.3
506327,3,45.2
506328,10,110.4
506329,8,132.3
506330,6,123.6
506331,2,55.4
506332,7,255.2
506333,22,602.8
506334,1,73.4
506335,16,329.6
506336,4,180.0
506337,1,20.3
506338,2,73.1
506339,2,66.9
506340,7,372.9
506341,2,74.7
506342,8,340.5
506343,13,325.8
506344,10,364.1
506345,2,108.5
506346,1,23.0
506347,3,166.6
506348,4,170.5
506349,3,105.6
506350,2,103.9
506351,3,104.5
506352,4,108.5
506353,8,124.6
506354,9,313.6
506355,7,210.0
506356,2,106.6
506357,3,226.6
506358,6,228.5
506359,2,45.2
506360,2,193.5
506361,6,300.8
506362,3,183.0
506363,5,164.6
506364,4,108.9
506365,4,96.1
506366,8,286.2
506367,19,655.4
506368,4,200.3
506369,2,120.1
506370,17,483.6
506371,5,230.1
506372,5,322.8
506373,6,212.8
506374,12,209.5
506375,1,34.1
506376,4,159.4
506377,8,244.4
506378,11,293.6
506379,5,222.4
506380,4,254.6
506381,6,523.4
506382,6,137.5
506383,5,324.6
506384,3,148.9
506385,1,44.1
506386,14,808.8
506387,3,178.3
506388,5,149.5
506389,5,118.6
506390,3,39.9
506391,5,153.1
506392,10,718.7
506393,1,18.6
506394,14,232.6
506395,6,173.0
506396,1,32.6
506397,10,271.4
506398,1,92.2
506399,4,367.6
506400,18,763.6
506401,5,166.0
506402,9,209.1
506403,7,85.8
506404,1,37.2
506405,6,317.6
506406,2,107.4
506407,5,246.6
506408,4,88.7
506409,10,408.9
506410,1,37.2
506411,3,133.6
506412,1,46.0
506413,3,149.2
506414,8,233.0
506415,6,128.1
506416,4,91.6
506417,4,208.7
506418,4,43.0
506419,5,104.3
506420,3,87.7
506421,3,65.7
506422,2,104.2
506423,3,78.7
506424,2,38.4
506425,1,54.3
506426,7,192.3
506427,4,219.3
506428,8,307.9
506429,7,177.9
506430,6,374.2
506431,5,209.6
506432,3,246.9
506433,2,87.2
506434,1,56.1
506435,5,249.0
506436,3,46.3
506437,1,35.5
506438,12,1458.8
506439,6,170.1
506440,1,29.8
506441,6,294.7
506442,1,25.9
506443,8,665.4
506444,3,89.0
506445,6,171.9
506446,3,69.1
506447,1,41.7
506448,3,49.2
506449,2,69.3
506450,3,72.7
506451,1,25.3
506452,3,26.4
506453,4,109.9
506454,2,50.2
506455,2,33.5
506456,4,189.7
506457,13,521.9
506458,3,88.8
506459,8,370.2
506460,2,58.2
506461,10,407.9
506462,1,31.0
506463,3,54.2
506464,5,143.3
506465,11,664.9
506466,1,25.5
506467,5,233.4
506468,7,168.3
506469,9,376.7
506470,17,606.1
506471,24,899.5
506472,4,89.9
506473,1,63.5
506474,4,171.9
506475,6,203.2
506476,3,70.2
506477,1,25.6
506478,7,401.5
506479,1,31.6
506480,1,62.8
506481,7,283.6
506482,10,272.5
506483,1,25.6
506484,3,91.6
506485,2,121.8
506486,5,171.1
506487,2,64.1
506488,3,157.9
506489,6,187.3
506490,8,155.0
506491,1,47.7
506492,5,108.2
506493,3,126.7
506494,12,369.3
506495,3,92.1
506496,8,455.6
506497,4,89.3
506498,15,217.0
506499,4,41.7
506500,2,72.8
506501,2,62.2
506502,1,25.3
506503,2,96.0
506504,3,78.0
506505,13,550.0
506506,3,165.2
506507,4,86.9
506508,9,248.1
506509,2,28.2
506510,4,60.3
506511,8,177.3
506512,1,60.2
506513,5,363.2
506514,9,700.0
506515,2,77.3
506516,11,363.8
506517,1,55.1
506518,5,189.5
506519,5,307.0
506520,6,273.0
506521,11,310.9
506522,9,709.9
506523,4,321.7
506524,6,180.9
506525,10,295.6
506526,18,532.3
506527,21,985.8
506528,4,171.2
506529,1,32.8
506530,1,17.1
506531,1,33.3
506532,7,400.0
506533,8,190.7
506534,7,509.5
506535,5,262.1
506536,1,63.4
506537,17,570.3
506538,1,15.4
506539,3,86.5
506540,8,270.6
506541,5,83.1
506542,12,528.9
506543,7,141.1
506544,5,124.9
506545,8,300.7
506546,7,283.4
506547,9,321.3
506548,5,244.3
506549,1,32.0
506550,4,224.0
506551,9,415.8
506552,2,103.7
506553,3,186.7
506554,6,131.5
506555,2,49.4
506556,1,68.5
506557,1,13.9
506558,3,39.2
506559,9,173.1
506560,2,57.4
506561,9,276.5
506562,14,384.2
506563,12,458.5
506564,7,780.3
506565,1,30.3
506566,2,28.3
506567,9,197.4
506568,13,653.3
506569,2,51.6
506570,2,98.2
506571,7,186.7
506572,21,744.9
506573,1,133.4
506574,2,73.6
506575,3,119.7
506576,3,84.5
506577,1,112.4
506578,5,308.7
506579,2,64.2
506580,1,27.3
506581,2,112.0
506582,8,328.7
506583,2,104.9
506584,24,640.8
506585,5,100.8
506586,1,20.5
506587,12,389.4
506588,9,110.2
506589,6,314.6
506590,3,55.6
506591,2,26.6
506592,4,134.6
506593,5,158.4
506594,13,521.3
506595,8,407.3
506596,4,164.4
506597,4,95.2
506598,5,358.5
506599,4,85.9
506600,4,125.3
506601,1,16.5
506602,9,826.4
506603,6,277.3
506604,2,94.1
506605,9,251.0
506606,15,580.1
506607,8,542.5
506608,5,230.2
506609,11,180.0
506610,3,171.2
506611,2,57.4
506612,11,673.8
506613,6,88.0
506614,1,26.2
506615,1,64.6
506616,2,42.3
506617,9,165.6
506618,4,91.5
506619,5,131.9
506620,7,354.9
506621,3,46.2
506622,4,235.2
506623,7,275.4
506624,4,170.4
506625,4,129.5
506626,3,99.7
506627,4,184.6
506628,1,17.8
506629,4,278.3
506630,3,335.6
506631,2,55.5
506632,2,30.3
506633,2,43.5
506634,1,22.2
506635,4,162.7
506636,7,112.5
506637,5,120.7
506638,1,47.0
506639,7,172.8
506640,7,268.1
506641,4,177.4
506642,3,224.3
506643,5,413.4
506644,6,250.7
506645,3,112.3
506646,8,305.9
506647,2,151.8
506648,4,229.9
506649,5,87.1
506650,1,48.8
506651,1,40.4
506652,4,239.4
506653,2,71.1
506654,3,61.1
506655,2,33.8
506656,2,34.2
506657,9,332.0
506658,1,31.8
506659,5,172.7
506660,2,95.2
506661,2,42.7
506662,2,40.0
506663,3,172.0
506664,3,78.4
506665,7,179.5
506666,11,390.7
506667,1,31.2
506668,2,62.8
506669,7,233.8
506670,4,123.4
506671,2,46.2
506672,13,178.1
506673,3,141.7
506674,9,304.5
506675,1,26.8
506676,5,184.5
506677,7,288.1
506678,1,37.0
506679,1,38.4
506680,4,195.4
506681,7,177.5
506682,2,39.7
506683,2,64.7
506684,11,342.1
506685,10,664.2
506686,5,153.8
506687,25,842.7
506688,3,36.7
506689,5,257.8
506690,2,187.8
506691,11,354.7
506692,9,422.8
506693,7,194.7
506694,2,88.8
506695,1,25.8
506696,7,314.8
506697,2,112.4
506698,3,162.9
506699,2,113.4
506700,4,209.3
506701,3,63.4
506702,7,297.9
506703,9,501.5
506704,11,265.9
506705,7,354.0
506706,9,385.3
506707,7,123.7
506708,3,85.9
506709,2,220.6
506710,5,202.6
506711,3,101.1
506712,2,35.4
506713,6,207.8
506714,3,70.7
506715,1,44.4
506716,6,377.6
506717,4,117.9
506718,2,62.8
506719,6,148.2
506720,2,85.4
506721,1,23.1
506722,1,65.4
506723,10,494.7
506724,8,207.7
506725,10,162.8
506726,7,223.9
506727,8,196.5
506728,1,73.4
506729,9,235.1
506730,3,107.7
506731,2,21.1
506732,11,258.0
506733,5,114.7
506734,6,225.2
506735,1,74.6
506736,4,270.3
506737,11,324.0
506738,8,505.3
506739,4,280.9
506740,1,73.2
506741,1,27.7
506742,3,122.2
506743,4,194.4
506744,12,511.6
506745,1,58.8
506746,4,133.9
506747,1,19.2
506748,1,63.0
506749,5,116.8
506750,1,16.9
506751,7,806.1
506752,5,95.3
506753,7,304.6
506754,2,54.6
506755,4,77.8
506756,8,165.3
506757,3,98.0
506758,7,502.6
506759,15,1836.8
506760,7,327.8
506761,10,121.0
506762,10,315.5
506763,7,94.5
506764,8,267.3
506765,3,99.5
506766,8,767.9
506767,4,141.6
506768,6,225.0
506769,3,51.3
506770,4,163.4
506771,14,535.9
506772,5,179.1
506773,4,118.9
506774,8,302.0
506775,2,46.2
506776,8,768.4
506777,6,200.9
506778,1,55.6
506779,3,51.6
506780,6,105.8
506781,4,111.5
506782,6,217.9
506783,3,73.2
506784,10,440.1
506785,10,487.6
506786,11,340.2
506787,3,406.3
506788,3,91.9
506789,8,192.1
506790,5,163.6
506791,5,218.4
506792,6,169.7
506793,12,534.8
506794,1,46.7
506795,10,301.1
506796,8,181.3
506797,2,66.5
506798,3,82.9
506799,2,71.6
506800,6,149.7
506801,4,220.4
506802,8,833.6
506803,5,196.2
506804,6,141.3
506805,7,723.6
506806,13,481.2
506807,5,239.8
506808,2,37.9
506809,15,341.9
506810,7,234.2
506811,25,834.1
506812,12,301.6
506813,2,60.7
506814,3,48.8
506815,2,68.9
506816,4,152.3
506817,1,66.3
506818,1,44.5
506819,1,49.0
506820,3,313.4
506821,1,26.5
506822,2,36.6
506823,2,218.2
506824,8,687.4
506825,3,153.6
506826,4,45.9
506827,3,175.7
506828,3,67.1
506829,4,219.5
506830,9,440.5
506831,4,102.1
506832,4,96.3
506833,1,54.8
506834,1,23.3
506835,6,196.6
506836,5,267.7
506837,6,485.3
506838,8,491.4
506839,4,87.4
506840,2,70.7
506841,6,55.3
506842,4,133.6
506843,2,47.1
506844,9,159.1
506845,1,29.4
506846,3,42.7
506847,2,25.2
506848,8,151.9
506849,5,138.4
506850,14,128.0
506851,2,84.1
506852,5,227.9
506853,8,259.2
506854,3,84.7
506855,13,579.2
506856,2,236.9
506857,1,22.8
506858,9,142.4
506859,2,109.2
506860,5,167.2
506861,3,55.8
506862,1,74.0
506863,4,77.8
506864,2,35.2
506865,9,459.8
506866,6,261.0
506867,4,79.3
506868,13,789.5
506869,2,69.4
506870,2,63.2
506871,6,198.4
506872,7,191.0
506873,7,299.1
506874,2,35.5
506875,1,48.6
506876,10,312.8
506877,4,171.2
506878,1,47.7
506879,1,22.7
506880,18,493.6
506881,7,314.1
506882,2,49.8
506883,2,207.6
506884,2,75.2
506885,4,187.5
506886,8,622.3
506887,8,203.6
506888,9,312.3
506889,9,341.4
506890,6,197.8
506891,5,132.4
506892,9,225.0
506893,8,277.5
506894,2,135.5
506895,15,940.9
506896,1,40.4
506897,6,275.9
506898,4,125.9
506899,1,34.3
506900,10,510.5
506901,3,38.8
506902,2,41.9
506903,1,26.9
506904,9,213.2
506905,8,590.8
506906,7,236.1
506907,1,57.4
506908,15,308.7
506909,1,58.5
506910,3,76.2
506911,2,47.3
506912,7,123.5
506913,4,98.7
506914,9,636.7
506915,2,83.1
506916,6,138.5
506917,7,358.7
506918,3,120.3
506919,4,121.2
506920,7,215.0
506921,4,154.0
506922,1,26.1
506923,2,38.7
506924,1,34.6
506925,3,138.9
506926,3,489.0
506927,5,116.5
506928,3,66.6
506929,3,217.4
506930,2,107.9
506931,1,36.6
506932,6,482.1
506933,6,120.8
506934,3,148.6
506935,9,221.2
506936,1,44.8
506937,4,161.8
506938,1,125.5
506939,4,153.2
506940,2,41.0
506941,4,264.4
506942,2,134.4
506943,2,42.4
506944,2,63.2
506945,4,71.4
506946,7,174.1
506947,8,269.5
506948,1,35.6
506949,1,24.2
506950,8,159.0
506951,5,140.6
506952,10,475.4
506953,6,178.0
506954,2,71.8
506955,2,30.9
506956,4,142.6
506957,3,130.6
506958,1,35.5
506959,8,385.1
506960,6,125.3
506961,2,51.9
506962,10,477.1
506963,1,66.2
506964,6,445.9
506965,5,265.2
506966,8,491.2
506967,1,25.9
506968,4,116.6
506969,3,59.4
506970,6,289.4
506971,9,195.4
506972,1,43.8
506973,2,26.0
506974,3,25.5
506975,1,81.6
506976,9,1718.5
506977,1,50.3
506978,10,880.3
506979,4,82.5
506980,16,526.1
506981,13,656.0
506982,4,128.8
506983,9,166.2
506984,3,182.5
506985,2,48.2
506986,12,332.0
506987,6,171.8
506988,4,151.4
506989,2,94.9
506990,4,64.7
506991,10,280.4
506992,4,66.3
506993,4,96.7
506994,2,135.0
506995,2,70.8
506996,1,26.2
506997,4,261.6
506998,8,217.0
506999,6,187.2
507000,11,463.4
507001,3,59.8
507002,5,126.0
507003,1,39.1
507004,1,49.3
507005,2,95.2
507006,3,78.4
507007,14,673.1
507008,1,30.6
507009,13,586.1
507010,1,78.0
507011,2,151.7
507012,4,156.8
507013,12,353.1
507014,9,349.2
507015,12,279.6
507016,15,644.7
507017,7,67.4
507018,2,54.9
507019,3,323.8
507020,4,83.0
507021,2,97.8
507022,7,381.0
507023,1,28.7
507024,1,23.3
507025,2,34.1
507026,1,30.7
507027,2,36.6
507028,3,41.1
507029,11,584.0
507030,2,42.7
507031,6,242.8
507032,14,312.7
507033,11,674.2
507034,1,40.5
507035,2,124.8
507036,5,64.8
507037,2,73.6
507038,8,638.4
507039,3,69.0
507040,6,127.5
507041,4,120.9
507042,2,66.7
507043,2,67.5
507044,10,466.2
507045,2,62.8
507046,11,176.5
507047,4,136.9
507048,7,187.2
507049,4,122.7
507050,13,574.1
507051,4,142.2
507052,6,226.0
507053,2,49.6
507054,5,92.8
507055,2,122.2
507056,2,48.4
507057,11,208.3
507058,4,170.2
507059,13,145.3
507060,5,136.0
507061,7,225.4
507062,2,54.6
507063,2,56.7
507064,4,117.5
507065,1,37.8
507066,2,114.3
507067,8,686.5
507068,20,803.1
507069,1,31.5
507070,4,92.2
507071,6,202.3
507072,10,472.3
507073,5,285.5
507074,6,105.4
507075,4,222.2
507076,6,141.7
507077,2,93.6
507078,6,207.8
507079,3,76.2
507080,2,61.4
507081,1,79.8
507082,8,264.8
507083,3,202.5
507084,7,170.7
507085,4,153.2
507086,6,218.4
507087,6,197.9
507088,2,56.0
507089,3,56.2
507090,1,34.6
507091,4,106.5
507092,4,85.7
507093,9,403.6
507094,4,268.5
507095,18,341.0
507096,1,40.9
507097,11,445.8
507098,1,17.8
507099,1,129.1
507100,3,103.6
507101,1,35.7
507102,9,748.8
507103,5,746.9
507104,4,138.3
507105,1,126.5
507106,1,48.2
507107,2,102.3
507108,4,123.4
507109,2,47.6
507110,5,143.9
507111,5,499.5
507112,3,50.1
507113,6,224.0
507114,3,112.9
507115,4,154.2
507116,2,111.5
507117,2,75.7
507118,6,414.2
507119,6,200.8
507120,9,589.8
507121,22,787.9
507122,3,112.6
507123,5,32.0
507124,2,73.0
507125,2,41.7
507126,3,96.6
507127,2,46.1
507128,3,35.5
507129,13,694.1
507130,1,36.1
507131,7,239.7
507132,7,321.6
507133,6,261.6
507134,5,406.6
507135,2,102.6
507136,3,93.6
507137,2,84.3
507138,2,63.0
507139,1,29.9
507140,5,252.6
507141,1,87.2
507142,2,102.8
507143,2,62.0
507144,1,25.4
507145,13,450.4
507146,1,28.9
507147,9,328.9
507148,1,44.8
507149,8,364.0
507150,6,121.0
507151,1,77.1
507152,8,752.9
507153,1,51.2
507154,2,88.7
507155,2,88.4
507156,6,449.3
507157,8,224.1
507158,3,180.8
507159,4,232.4
507160,4,254.4
507161,1,52.6
507162,9,486.0
507163,1,22.5
507164,3,100.7
507165,3,165.1
507166,1,34.4
507167,4,31.0
507168,5,124.5
507169,6,122.2
507170,4,176.7
507171,5,194.9
507172,3,136.4
507173,4,91.1
507174,5,178.3
507175,2,42.2
507176,8,338.2
507177,1,67.1
507178,11,340.2
507179,5,193.6
507180,9,828.0
507181,5,186.7
507182,2,100.2
507183,3,78.4
507184,1,114.4
507185,7,202.9
507186,11,178.9
507187,12,298.0
507188,3,70.6
507189,1,111.3
507190,4,77.4
507191,2,157.6
507192,8,441.3
507193,9,227.6
507194,6,95.9
507195,9,763.6
507196,13,429.7
507197,2,58.0
507198,2,50.3
507199,6,61.1
507200,8,312.1
507201,2,135.9
507202,2,20.7
507203,5,158.3
507204,3,59.4
507205,1,21.7
507206,3,143.1
507207,7,256.7
507208,8,321.4
507209,6,115.2
507210,2,138.9
507211,1,48.2
507212,11,505.7
507213,4,173.0
507214,4,93.6
507215,11,882.9
507216,2,125.8
507217,3,86.2
507218,2,124.6
507219,1,73.7
507220,1,34.8
507221,14,851.4
507222,1,28.8
507223,3,103.4
507224,9,529.5
507225,2,11.1
507226,9,180.3
507227,2,69.8
507228,1,43.2
507229,7,163.4
507230,2,23.3
507231,4,103.2
507232,2,28.9
507233,11,248.4
507234,16,591.4
507235,3,170.3
507236,5,176.0
507237,2,60.3
507238,2,54.1
507239,3,119.0
507240,10,257.9
507241,3,107.1
507242,14,363.9
507243,5,155.0
507244,5,218.3
507245,7,199.4
507246,7,178.7
507247,2,56.9
507248,5,436.3
507249,7,328.1
507250,3,120.8
507251,3,60.1
507252,5,50.4
507253,11,309.6
507254,3,61.1
507255,6,198.4
507256,5,170.1
507257,9,294.0
507258,3,82.9
507259,1,25.1
507260,7,187.8
507261,7,405.8
507262,7,502.1
507263,4,97.1
507264,3,140.7
507265,6,338.2
507266,3,136.5
507267,1,27.6
507268,3,129.1
507269,1,91.4
507270,4,187.8
507271,4,179.8
507272,6,102.0
507273,4,106.3
507274,5,332.4
507275,2,65.0
507276,1,48.7
507277,8,264.3
507278,2,37.3
507279,6,180.1
507280,1,65.3
507281,10,317.4
507282,10,923.6
507283,2,73.4
507284,2,113.3
507285,9,396.9
507286,2,87.7
507287,17,937.7
507288,3,38.3
507289,19,1164.5
507290,1,41.7
507291,12,705.5
507292,5,237.6
507293,2,207.2
507294,13,345.5
507295,6,782.7
507296,4,63.5
507297,4,119.8
507298,5,226.6
507299,25,922.3
507300,16,196.5
507301,1,38.8
507302,3,143.8
507303,6,360.4
507304,1,22.8
507305,5,108.7
507306,3,68.9
507307,5,135.2
507308,1,39.2
507309,8,261.6
507310,6,219.9
507311,17,385.6
507312,8,167.7
507313,2,62.9
507314,3,90.7
507315,2,42.1
507316,3,62.8
507317,5,335.2
507318,7,253.8
507319,2,23.3
507320,4,221.6
507321,6,191.0
507322,2,110.1
507323,5,123.2
507324,6,154.1
507325,4,88.9
507326,2,50.0
507327,3,193.2
507328,6,187.5
507329,3,115.6
507330,3,84.0
507331,1,39.5
507332,8,645.5
507333,4,288.1
507334,14,214.2
507335,6,231.0
507336,4,228.0
507337,12,127.7
507338,3,45.3
507339,1,91.4
507340,1,60.9
507341,4,180.7
507342,6,449.6
507343,8,545.5
507344,1,30.0
507345,11,197.7
507346,1,50.5
507347,4,194.2
507348,1,47.5
507349,5,216.0
507350,10,668.5
507351,2,86.5
507352,5,162.0
507353,5,131.5
507354,3,91.9
507355,1,70.5
507356,7,404.5
507357,10,298.1
507358,2,86.8
507359,1,58.3
507360,1,39.0
507361,11,343.3
507362,1,24.3
507363,2,46.6
507364,2,56.7
507365,3,125.7
507366,8,135.9
507367,5,221.5
507368,2,222.7
507369,2,68.8
507370,10,509.4
507371,5,97.7
507372,2,123.6
507373,2,58.9
507374,8,359.6
507375,9,704.4
507376,7,166.7
507377,2,65.2
507378,5,220.3
507379,4,102.9
507380,2,83.3
507381,9,299.6
507382,3,105.6
507383,5,90.2
507384,10,561.7
507385,3,406.7
507386,7,157.1
507387,2,31.0
507388,8,422.2
507389,2,42.9
507390,2,56.1
507391,1,33.7
507392,4,55.3
507393,10,529.0
507394,1,40.1
507395,4,60.1
507396,6,133.5
507397,10,1131.3
507398,5,216.8
507399,2,49.8
507400,6,940.4
507401,5,85.9
507402,2,98.8
507403,3,189.9
507404,1,28.1
507405,3,102.0
507406,3,63.8
507407,12,274.6
507408,1,45.5
507409,12,205.0
507410,5,92.5
507411,1,46.0
507412,11,246.9
507413,1,31.1
507414,1,22.7
507415,4,72.5
507416,3,191.7
507417,6,243.1
507418,6,181.4
507419,1,30.7
507420,4,132.2
507421,5,150.4
507422,2,43.5
507423,5,167.0
507424,4,119.2
507425,2,130.9
507426,4,117.5
507427,2,91.4
507428,3,136.2
507429,2,97.8
507430,9,354.6
507431,7,392.1
507432,3,281.2
507433,1,29.4
507434,3,127.2
507435,7,291.1
507436,3,52.6
507437,6,578.2
507438,2,105.5
507439,8,312.7
507440,3,100.9
507441,3,94.3
507442,11,336.0
507443,7,254.4
507444,2,89.6
507445,4,69.9
507446,5,131.8
507447,1,35.7
507448,7,226.6
507449,1,59.9
507450,1,21.7
507451,4,272.4
507452,2,54.7
507453,2,66.3
507454,3,71.9
507455,9,356.9
507456,2,52.3
507457,8,416.1
507458,6,77.1
507459,4,96.8
507460,2,49.9
507461,3,60.4
507462,2,47.3
507463,3,121.4
507464,4,51.8
507465,6,80.7
507466,1,64.8
507467,8,328.0
507468,1,15.9
507469,2,107.0
507470,5,159.2
507471,1,53.8
507472,8,258.0
507473,2,28.8
507474,6,294.6
507475,3,67.5
507476,2,85.7
507477,4,203.6
507478,1,76.9
507479,5,512.7
507480,12,155.4
507481,4,134.8
507482,2,71.3
507483,5,92.5
507484,5,149.9
507485,3,195.5
507486,2,55.0
507487,1,70.0
507488,4,163.1
507489,2,76.6
507490,4,194.2
507491,4,118.4
507492,4,185.1
507493,3,82.7
507494,1,65.6
507495,3,113.4
507496,6,172.4
507497,2,30.4
507498,5,102.6
507499,5,188.7
507500,4,114.5
507501,9,864.5
507502,2,37.1
507503,9,215.9
507504,6,168.2
507505,1,56.8
507506,6,98.1
507507,8,643.7
507508,7,208.1
507509,17,1042.7
507510,11,510.1
507511,16,616.5
507512,3,146.5
507513,6,127.3
507514,3,63.7
507515,2,48.0
507516,5,89.0
507517,5,166.6
507518,4,145.5
507519,5,113.6
507520,11,290.6
507521,3,88.5
507522,4,246.4
507523,7,83.2
507524,11,1223.5
507525,2,69.5
507526,4,40.8
507527,2,71.3
507528,11,427.2
507529,10,408.8
507530,8,188.0
507531,2,223.7
507532,1,46.6
507533,7,162.6
507534,8,468.0
507535,2,48.1
507536,5,117.9
507537,4,255.0
507538,2,182.1
507539,12,503.6
507540,5,163.8
507541,1,35.2
507542,8,918.9
507543,7,285.1
507544,3,75.1
507545,3,118.6
507546,2,104.4
507547,8,199.4
507548,2,58.7
507549,9,232.6
507550,3,65.8
507551,2,83.5
507552,6,128.2
507553,2,57.5
507554,6,150.2
507555,4,139.0
507556,6,125.3
507557,15,1190.3
507558,7,581.6
507559,6,326.8
507560,5,239.1
507561,4,119.4
507562,4,92.1
507563,9,279.5
507564,7,162.5
507565,4,189.6
507566,4,415.8
507567,3,100.0
507568,5,356.4
507569,2,141.6
507570,2,40.7
507571,7,257.8
507572,1,49.3
507573,2,70.0
507574,12,274.7
507575,3,156.6
507576,3,93.1
507577,1,52.1
507578,2,45.0
507579,2,29.4
507580,4,216.2
507581,6,177.3
507582,1,47.8
507583,17,689.3
507584,4,213.1
507585,4,298.5
507586,7,434.2
507587,4,135.2
507588,1,31.5
507589,12,1253.9
507590,1,52.8
507591,3,112.3
507592,8,241.4
507593,5,170.6
507594,5,221.1
507595,8,261.2
507596,3,268.8
507597,5,209.6
507598,8,73.1
507599,10,232.4
507600,2,153.9
507601,3,61.1
507602,11,1463.8
507603,3,210.3
507604,1,133.9
507605,3,100.1
507606,6,91.6
507607,1,32.3
507608,4,69.6
507609,4,117.5
507610,2,113.6
507611,9,232.2
507612,2,33.0
507613,4,142.8
507614,5,398.7
507615,2,31.8
507616,1,20.5
507617,1,45.6
507618,4,163.5
507619,2,70.6
507620,8,454.2
507621,6,117.0
507622,5,200.7
507623,3,99.7
507624,4,111.0
507625,7,231.5
507626,2,88.2
507627,3,99.2
507628,4,178.1
507629,8,229.3
507630,2,46.0
507631,2,104.7
507632,1,23.1
507633,2,83.8
507634,21,487.6
507635,1,103.2
507636,17,954.1
507637,10,275.5
507638,3,74.3
507639,3,134.5
507640,24,683.7
507641,4,148.7
507642,12,318.3
507643,3,55.9
507644,2,140.4
507645,8,333.5
507646,5,119.5
507647,4,335.0
507648,1,45.0
507649,3,167.6
507650,1,23.7
507651,6,173.8
507652,1,49.3
507653,2,28.8
507654,4,88.3
507655,8,242.2
507656,3,94.3
507657,15,566.1
507658,2,108.7
507659,6,350.6
507660,6,151.2
507661,4,129.0
507662,5,123.0
507663,4,133.3
507664,4,38.5
507665,8,208.5
507666,2,55.8
507667,2,70.1
507668,14,2124.1
507669,5,118.0
507670,3,110.7
507671,7,161.5
507672,1,39.9
507673,5,195.3
507674,1,24.8
507675,6,108.1
507676,1,48.4
507677,11,183.5
507678,3,70.4
507679,3,214.4
507680,1,85.8
507681,11,283.5
507682,3,124.9
507683,4,126.4
507684,1,23.4
507685,17,179.5
507686,1,29.7
507687,20,1456.1
507688,11,287.1
507689,1,29.7
507690,6,196.9
507691,2,107.0
507692,1,38.7
507693,5,452.1
507694,8,105.9
507695,2,138.6
507696,8,610.3
507697,3,107.2
507698,2,57.4
507699,5,169.9
507700,3,191.9
507701,5,85.2
507702,1,30.3
507703,9,403.4
507704,2,89.6
507705,5,123.5
507706,1,19.2
507707,6,170.5
507708,5,193.6
507709,4,99.5
507710,4,267.3
507711,7,227.4
507712,10,216.7
507713,11,709.9
507714,5,289.5
507715,3,122.4
507716,5,189.2
507717,2,65.1
507718,1,28.0
507719,5,149.3
507720,3,81.1
507721,9,176.5
507722,11,821.0
507723,3,66.4
507724,1,56.0
507725,8,189.4
507726,3,129.9
507727,4,80.3
507728,5,159.9
507729,4,132.8
507730,4,301.0
507731,9,241.3
507732,1,75.2
507733,3,136.3
507734,5,171.7
507735,6,128.2
507736,11,469.1
507737,17,632.5
507738,4,71.0
507739,8,221.5
507740,4,150.2
507741,5,120.6
507742,2,64.4
507743,1,49.8
507744,1,61.7
507745,4,135.3
507746,4,113.3
507747,3,88.0
507748,10,727.1
507749,3,74.6
507750,2,121.7
507751,2,26.2
507752,2,59.0
507753,2,111.2
507754,5,111.7
507755,5,67.7
507756,1,56.3
507757,5,108.1
507758,15,588.8
507759,3,90.4
507760,5,162.2
507761,6,281.1
507762,7,191.8
507763,6,103.7
507764,5,119.3
507765,5,129.7
507766,2,41.2
507767,3,93.9
507768,7,243.6
507769,6,368.4
507770,2,39.5
507771,2,59.4
507772,9,541.7
507773,2,66.0
507774,6,304.9
507775,3,58.4
507776,4,292.4
507777,12,387.2
507778,4,48.3
507779,7,288.8
507780,5,209.2
507781,1,45.5
507782,2,31.1
507783,6,591.8
507784,10,618.2
507785,3,56.7
507786,4,287.0
507787,1,69.3
507788,15,349.7
507789,1,25.9
507790,3,155.2
507791,4,107.0
507792,1,118.6
507793,7,107.9
507794,14,1177.8
507795,3,76.6
507796,2,70.8
507797,8,136.8
507798,8,510.4
507799,8,318.7
507800,2,34.1
507801,3,81.2
507802,13,191.3
507803,3,106.2
507804,8,539.4
507805,4,185.6
507806,4,105.4
507807,6,478.1
507808,13,137.4
507809,6,194.2
507810,8,182.5
507811,3,106.0
507812,1,30.2
507813,2,43.2
507814,8,371.4
507815,5,119.9
507816,5,159.0
507817,1,19.3
507818,5,212.8
507819,14,357.5
507820,2,56.7
507821,2,20.9
507822,8,361.8
507823,10,283.7
507824,8,275.6
507825,11,883.4
507826,5,216.7
507827,14,874.6
507828,4,87.6
507829,4,380.1
507830,4,175.7
507831,3,325.8
507832,9,322.2
507833,3,61.9
507834,9,1171.5
507835,4,204.6
507836,3,211.3
507837,8,190.3
507838,5,99.0
507839,5,170.9
507840,4,34.8
507841,9,303.7
507842,4,64.3
507843,13,407.5
507844,1,37.4
507845,5,59.2
507846,2,116.1
507847,4,227.2
507848,8,434.6
507849,5,369.0
507850,5,186.9
507851,3,152.5
507852,7,459.9
507853,6,731.9
507854,2,51.6
507855,1,29.9
507856,2,22.1
507857,2,51.3
507858,2,70.7
507859,3,96.5
507860,3,121.1
507861,10,278.6
507862,10,444.3
507863,10,352.7
507864,8,526.8
507865,5,259.1
507866,7,140.2
507867,1,31.4
507868,2,34.3
507869,7,468.1
507870,2,38.9
507871,4,119.8
507872,1,26.2
507873,11,217.9
507874,4,100.1
507875,11,312.2
507876,14,613.7
507877,2,39.9
507878,6,204.6
507879,5,297.3
507880,1,54.7
507881,3,117.2
507882,4,266.4
507883,6,287.4
507884,3,63.2
507885,4,164.1
507886,6,227.4
507887,12,691.1
507888,4,118.7
507889,13,441.9
507890,7,252.7
507891,4,96.7
507892,8,254.9
507893,5,196.3
507894,7,784.3
507895,2,82.0
507896,6,267.1
507897,6,351.8
507898,2,122.9
507899,4,369.4
507900,7,230.3
507901,5,134.6
507902,9,95.3
507903,2,124.8
507904,5,385.2
507905,1,23.1
507906,10,604.2
507907,3,91.7
507908,10,428.8
507909,9,306.6
507910,2,120.7
507911,2,47.0
507912,4,246.0
507913,3,121.6
507914,8,368.5
507915,10,798.4
507916,6,264.9
507917,5,185.9
507918,3,145.1
507919,1,25.2
507920,5,174.1
507921,4,141.6
507922,6,355.4
507923,4,297.1
507924,3,108.7
507925,1,55.8
507926,13,529.8
507927,5,178.7
507928,4,82.0
507929,11,669.3
507930,3,100.6
507931,4,147.1
507932,8,255.9
507933,3,103.9
507934,6,376.3
507935,6,169.7
507936,1,51.0
507937,14,457.0
507938,2,91.6
507939,1,43.7
507940,8,240.3
507941,9,230.9
507942,6,63.6
507943,9,242.1
507944,5,177.8
507945,3,78.1
507946,2,201.3
507947,4,291.9
507948,3,195.7
507949,3,112.7
507950,3,92.3
507951,5,287.3
507952,3,128.7
507953,2,51.2
507954,4,107.9
507955,1,50.0
507956,3,64.8
507957,6,281.7
507958,21,841.8
507959,7,281.4
507960,5,437.6
507961,3,161.8
507962,20,398.5
507963,3,70.3
507964,2,44.1
507965,8,291.1
507966,1,20.5
507967,1,44.5
507968,1,27.7
507969,5,161.6
507970,6,193.7
507971,5,177.9
507972,12,259.9
507973,3,58.3
507974,3,90.9
507975,1,35.9
507976,4,87.7
507977,12,519.3
507978,4,115.5
507979,2,100.6
507980,7,591.3
507981,1,38.9
507982,8,125.0
507983,5,98.6
507984,1,35.1
507985,7,365.0
507986,4,117.3
507987,3,150.8
507988,7,240.3
507989,1,37.6
507990,1,37.1
507991,2,71.9
507992,2,66.4
507993,2,83.7
507994,10,626.8
507995,2,37.3
507996,12,859.3
507997,1,53.7
507998,4,90.5
507999,9,189.2
508000,10,817.9
508001,4,116.6
508002,4,79.9
508003,4,96.6
508004,6,140.9
508005,5,84.8
508006,7,610.4
508007,4,86.5
508008,3,331.2
508009,3,193.5
508010,5,127.4
508011,4,123.0
508012,1,45.9
508013,9,202.1
508014,7,156.9
508015,9,263.5
508016,9,151.8
508017,7,802.8
508018,1,44.4
508019,11,613.0
508020,4,149.6
508021,7,302.0
508022,1,22.1
508023,1,50.5
508024,5,226.6
508025,3,350.0
508026,2,77.1
508027,14,1052.0
508028,1,61.0
508029,4,99.9
508030,4,85.2
508031,15,733.3
508032,5,142.1
508033,3,168.7
508034,11,185.3
508035,5,435.9
508036,10,635.6
508037,7,162.4
508038,5,121.3
508039,1,64.0
508040,1,44.8
508041,4,232.2
508042,6,227.9
508043,20,578.3
508044,11,799.2
508045,1,51.5
508046,2,61.9
508047,4,108.2
508048,15,212.5
508049,20,1662.8
508050,3,212.0
508051,4,274.9
508052,13,246.8
508053,10,524.8
508054,1,36.3
508055,9,538.2
508056,2,54.4
508057,8,161.7
508058,3,203.4
508059,5,162.1
508060,10,327.7
508061,3,61.0
508062,8,317.1
508063,3,121.8
508064,4,148.3
508065,3,110.6
508066,2,66.4
508067,5,187.8
508068,5,324.1
508069,1,43.2
508070,10,356.8
508071,2,139.8
508072,3,198.2
508073,4,29.5
508074,2,59.4
508075,2,105.5
508076,5,379.1
508077,10,1056.9
508078,2,101.3
508079,5,673.4
508080,3,87.8
508081,3,239.1
508082,4,212.2
508083,2,38.6
508084,1,16.9
508085,3,80.3
508086,2,63.3
508087,8,224.9
508088,8,497.9
508089,6,431.2
508090,9,323.1
508091,3,260.4
508092,2,161.2
508093,5,306.1
508094,4,106.1
508095,12,270.5
508096,9,263.8
508097,2,72.9
508098,6,209.5
508099,3,269.4
508100,3,277.3
508101,11,434.3
508102,3,98.0
508103,1,56.9
508104,2,56.3
508105,5,103.1
508106,2,140.4
508107,7,192.7
508108,3,78.2
508109,2,158.1
508110,10,459.9
508111,1,51.3
508112,5,318.8
508113,3,130.2
508114,4,245.5
508115,2,76.9
508116,4,124.6
508117,3,46.4
508118,3,89.1
508119,2,57.2
508120,2,107.8
508121,9,637.3
508122,3,65.7
508123,12,302.3
508124,2,85.7
508125,4,73.5
508126,2,79.3
508127,4,54.6
508128,7,600.2
508129,10,271.1
508130,5,303.9
508131,1,53.1
508132,2,61.3
508133,1,24.0
508134,1,50.2
508135,2,59.9
508136,13,859.1
508137,1,72.1
508138,2,67.0
508139,9,331.0
508140,2,104.2
508141,4,192.1
508142,1,24.5
508143,12,274.8
508144,12,276.7
508145,5,359.3
508146,8,177.5
508147,3,86.6
508148,4,147.6
508149,1,30.7
508150,3,91.7
508151,5,222.0
508152,3,67.3
508153,2,118.3
508154,1,31.2
508155,5,168.9
508156,8,226.5
508157,2,89.9
508158,1,23.4
508159,1,41.9
508160,6,65.6
508161,2,43.8
508162,2,57.5
508163,5,125.8
508164,3,112.0
508165,8,223.1
508166,5,62.9
508167,15,186.8
508168,2,66.4
508169,4,161.5
508170,13,461.4
508171,4,78.6
508172,3,125.2
508173,2,26.6
508174,2,28.1
508175,4,61.0
508176,8,259.3
508177,1,51.8
508178,2,40.0
508179,3,72.7
508180,5,298.4
508181,2,61.4
508182,4,214.1
508183,1,52.2
508184,2,39.4
508185,4,470.8
508186,8,187.8
508187,1,88.6
508188,3,132.0
508189,5,229.9
508190,2,57.4
508191,2,104.2
508192,2,91.2
508193,7,318.3
508194,3,50.6
508195,3,186.8
508196,2,95.3
508197,4,68.6
508198,3,85.6
508199,4,133.9
508200,3,175.0
508201,5,274.4
508202,1,40.9
508203,1,53.7
508204,1,113.3
508205,3,94.7
508206,9,748.5
508207,6,271.2
508208,8,533.9
508209,4,259.9
508210,2,67.4
508211,14,411.3
508212,9,471.4
508213,3,93.9
508214,5,135.0
508215,10,287.7
508216,2,267.4
508217,6,367.1
508218,1,29.5
508219,11,233.5
508220,4,81.3
508221,2,58.5
508222,5,223.7
508223,10,199.7
508224,2,32.9
508225,7,442.9
508226,1,45.7
508227,11,287.6
508228,1,64.7
508229,2,71.1
508230,3,217.4
508231,2,44.5
508232,4,113.5
508233,1,40.9
508234,2,152.7
508235,7,95.4
508236,5,178.8
508237,9,440.8
508238,5,342.4
508239,2,38.9
508240,10,319.1
508241,10,569.9
508242,5,133.3
508243,1,28.4
508244,6,616.9
508245,1,47.9
508246,3,144.7
508247,5,187.3
508248,1,35.4
508249,5,130.7
508250,1,33.9
508251,1,25.9
508252,3,101.9
508253,7,258.1
508254,9,587.8
508255,2,69.4
508256,8,525.8
508257,7,249.0
508258,5,171.7
508259,2,81.8
508260,2,76.6
508261,11,259.8
508262,2,58.6
508263,6,166.2
508264,6,81.2
508265,6,191.8
508266,2,57.3
508267,1,48.5
508268,2,70.3
508269,7,367.7
508270,2,65.3
508271,4,142.2
508272,1,31.7
508273,12,306.1
508274,2,76.4
508275,10,356.1
508276,6,682.2
508277,3,195.0
508278,2,126.2
508279,11,271.4
508280,4,79.8
508281,2,93.0
508282,5,180.2
508283,1,38.6
508284,2,112.6
508285,14,609.3
508286,3,44.2
508287,1,83.9
508288,2,109.3
508289,3,76.6
508290,11,1077.7
508291,3,106.7
508292,10,358.1
508293,2,60.3
508294,1,25.9
508295,9,185.6
508296,3,287.3
508297,1,48.9
508298,5,182.2
508299,1,94.2
508300,2,42.4
508301,4,80.4
508302,7,205.7
508303,2,54.8
508304,8,564.4
508305,1,30.7
508306,6,71.0
508307,8,214.9
508308,4,122.8
508309,12,331.7
508310,4,104.0
508311,3,135.1
508312,6,285.3
508313,6,91.5
508314,7,128.7
508315,6,162.9
508316,4,113.1
508317,5,103.3
508318,6,356.7
508319,4,113.2
508320,6,377.9
508321,5,197.1
508322,1,27.3
508323,6,181.5
508324,4,133.4
508325,5,315.9
508326,3,85.3
508327,8,456.0
508328,4,229.4
508329,2,61.6
508330,11,292.2
508331,4,325.9
508332,5,386.3
508333,2,89.1
508334,2,26.7
508335,1,33.3
508336,5,253.5
508337,5,117.4
508338,5,189.7
508339,2,61.6
508340,8,284.3
508341,8,198.6
508342,2,129.3
508343,7,334.9
508344,9,257.8
508345,1,98.0
508346,5,79.7
508347,1,32.5
508348,2,134.3
508349,20,573.3
508350,5,159.2
508351,3,78.6
508352,8,212.5
508353,7,440.0
508354,4,72.1
508355,1,133.0
508356,3,66.3
508357,13,1562.4
508358,13,695.8
508359,5,104.6
508360,4,152.0
508361,2,88.1
508362,1,48.3
508363,7,76.6
508364,3,129.0
508365,1,27.1
508366,1,78.1
508367,6,410.5
508368,2,34.3
508369,3,50.7
508370,7,198.1
508371,1,33.0
508372,4,193.3
508373,2,78.3
508374,5,149.7
508375,12,505.6
508376,1,22.9
508377,2,43.1
508378,4,245.7
508379,3,187.0
508380,13,311.6
508381,4,71.9
508382,9,549.2
508383,1,77.4
508384,2,179.8
508385,18,1003.2
508386,3,47.9
508387,8,344.3
508388,4,182.7
508389,1,25.0
508390,3,259.3
508391,1,30.5
508392,6,323.6
508393,2,106.4
508394,6,262.4
508395,8,308.5
508396,7,643.9
508397,9,474.8
508398,4,74.9
508399,4,155.1
508400,3,250.4
508401,7,571.3
508402,13,344.1
508403,2,24.5
508404,11,857.5
508405,12,902.7
508406,1,73.5
508407,5,154.1
508408,3,153.6
508409,2,33.0
508410,4,245.6
508411,4,96.4
508412,1,31.1
508413,11,645.5
508414,6,134.9
508415,2,99.0
508416,8,170.8
508417,7,653.5
508418,3,100.8
508419,3,94.8
508420,6,107.6
508421,16,791.1
508422,1,34.5
508423,3,73.5
508424,3,92.3
508425,4,99.4
508426,3,119.4
508427,10,642.7
508428,5,123.0
508429,6,352.3
508430,3,37.4
508431,8,252.2
508432,4,259.0
508433,2,110.4
508434,8,288.4
508435,6,179.7
508436,5,185.5
508437,1,36.8
508438,8,379.7
508439,5,268.1
508440,3,100.7
508441,21,1766.5
508442,8,260.1
508443,2,150.4
508444,2,109.5
508445,2,141.2
508446,2,50.1
508447,4,280.0
508448,4,419.4
508449,2,28.8
508450,6,85.3
508451,3,412.4
508452,1,31.4
508453,10,430.7
508454,22,850.7
508455,6,155.2
508456,9,292.2
508457,4,78.2
508458,6,439.9
508459,2,101.7
508460,8,545.3
508461,3,119.5
508462,2,78.5
508463,2,60.5
508464,6,175.2
508465,7,315.4
508466,9,167.6
508467,3,217.0
508468,14,572.7
508469,6,611.8
508470,9,571.2
508471,3,111.0
508472,6,326.2
508473,3,47.8
508474,4,72.9
508475,1,34.0
508476,1,38.5
508477,12,459.0
508478,2,86.5
508479,4,330.0
508480,4,32.2
508481,5,387.2
508482,1,42.5
508483,7,353.6
508484,3,137.2
508485,7,181.0
508486,7,641.5
508487,4,277.4
508488,1,84.5
508489,9,754.8
508490,5,198.6
508491,6,153.4
508492,4,114.5
508493,11,481.7
508494,5,367.2
508495,2,82.6
508496,2,43.8
508497,10,306.7
508498,1,41.2
508499,4,58.9
508500,6,398.8
508501,3,82.1
508502,2,63.3
508503,20,1152.8
508504,1,29.7
508505,3,59.5
508506,3,23.5
508507,2,76.6
508508,4,212.2
508509,3,32.1
508510,2,43.2
508511,3,112.3
508512,19,552.3
508513,2,54.7
508514,6,151.4
508515,2,129.1
508516,3,118.5
508517,4,207.8
508518,8,294.8
508519,5,115.4
508520,1,41.5
508521,4,57.1
508522,4,151.9
508523,5,311.3
508524,8,246.4
508525,7,412.9
508526,1,20.7
508527,1,54.2
508528,1,43.2
508529,4,36.6
508530,5,255.7
508531,6,67.6
508532,3,73.6
508533,1,45.6
508534,1,46.3
508535,5,190.4
508536,1,114.9
508537,4,121.3
508538,1,22.8
508539,2,203.3
508540,3,96.5
508541,2,82.3
508542,4,77.7
508543,4,48.9
508544,7,274.3
508545,25,577.1
508546,1,35.7
508547,2,41.7
508548,1,15.1
508549,6,271.6
508550,6,188.9
508551,1,13.7
508552,6,178.3
508553,1,34.9
508554,2,81.4
508555,9,202.4
508556,1,56.1
508557,3,158.5
508558,4,88.6
508559,1,48.9
508560,2,158.2
508561,1,63.6
508562,11,501.4
508563,2,67.8
508564,1,20.9
508565,1,71.8
508566,2,37.0
508567,5,135.8
508568,6,296.3
508569,3,79.7
508570,4,133.6
508571,7,142.1
508572,9,239.2
508573,4,86.5
508574,2,47.6
508575,2,57.7
508576,3,116.4
508577,8,310.1
508578,3,100.6
508579,6,181.6
508580,3,82.2
508581,2,37.6
508582,1,30.0
508583,13,135.2
508584,1,115.7
508585,4,291.4
508586,24,2792.0
508587,3,103.2
508588,7,275.6
508589,6,136.2
508590,1,67.1
508591,3,289.0
508592,8,87.3
508593,2,104.3
508594,2,49.9
508595,1,36.3
508596,6,364.6
508597,3,94.4
508598,1,38.3
508599,1,67.6
508600,5,99.5
508601,25,902.0
508602,3,164.1
508603,3,115.7
508604,2,117.5
508605,9,213.3
508606,5,216.5
508607,4,144.0
508608,6,333.8
508609,2,78.0
508610,4,63.0
508611,2,45.5
508612,1,84.4
508613,5,155.0
508614,1,31.5
508615,8,247.9
508616,2,91.9
508617,1,25.0
508618,6,147.6
508619,4,122.2
508620,3,81.0
508621,1,60.5
508622,5,110.6
508623,2,65.9
508624,7,457.4
508625,2,45.0
508626,3,134.3
508627,4,190.9
508628,4,72.1
508629,9,415.9
508630,5,88.4
508631,2,40.2
508632,2,33.4
508633,3,54.7
508634,8,203.8
508635,1,22.0
508636,1,46.6
508637,1,40.7
508638,3,147.1
508639,14,518.9
508640,4,336.4
508641,5,175.3
508642,4,159.7
508643,2,109.8
508644,5,248.1
508645,5,212.5
508646,5,104.8
508647,1,41.2
508648,3,125.0
508649,11,245.8
508650,15,483.5
508651,4,188.9
508652,12,527.7
508653,6,127.9
508654,4,117.5
508655,6,132.3
508656,5,328.8
508657,6,229.1
508658,3,84.5
508659,6,173.7
508660,10,382.6
508661,2,64.9
508662,7,218.0
508663,9,278.6
508664,9,1060.1
508665,2,47.8
508666,1,41.3
508667,1,45.3
508668,7,311.1
508669,4,94.8
508670,6,296.6
508671,12,313.0
508672,4,188.2
508673,5,88.9
508674,1,65.4
508675,5,36.2
508676,10,352.2
508677,5,120.3
508678,2,118.9
508679,1,60.2
508680,2,23.1
508681,6,140.0
508682,3,130.0
508683,2,57.2
508684,6,284.8
508685,4,189.7
508686,4,175.0
508687,2,134.4
508688,1,21.2
508689,3,92.6
508690,3,66.5
508691,5,144.4
508692,7,149.6
508693,1,55.4
508694,2,66.5
508695,6,186.4
508696,4,88.9
508697,10,316.8
508698,5,319.1
508699,2,120.8
508700,3,77.6
508701,8,909.5
508702,2,109.7
508703,2,42.1
508704,1,52.2
508705,4,477.0
508706,6,174.8
508707,9,181.5
508708,2,57.3
508709,1,19.7
508710,12,418.9
508711,1,65.7
508712,7,254.8
508713,8,249.7
508714,6,387.5
508715,4,91.7
508716,3,69.8
508717,2,105.1
508718,5,284.7
508719,4,117.4
508720,5,382.7
508721,1,35.2
508722,9,529.2
508723,8,244.3
508724,1,30.1
508725,1,27.6
508726,5,368.2
508727,1,22.0
508728,4,253.6
508729,8,771.0
508730,1,27.1
508731,3,136.2
508732,1,52.1
508733,8,397.3
508734,2,60.7
508735,8,368.1
508736,5,264.3
508737,7,98.5
508738,1,17.6
508739,2,89.0
508740,3,98.0
508741,14,684.7
508742,5,106.8
508743,2,85.3
508744,6,321.5
508745,5,264.1
508746,2,62.4
508747,3,186.1
508748,2,35.1
508749,18,296.1
508750,2,121.8
508751,2,31.8
508752,5,169.5
508753,1,40.0
508754,9,504.1
508755,6,385.7
508756,1,68.5
508757,9,235.2
508758,7,178.1
508759,5,83.5
508760,12,446.5
508761,2,80.0
508762,4,374.2
508763,8,678.6
508764,8,117.5
508765,6,304.7
508766,2,31.4
508767,6,99.7
508768,4,283.1
508769,2,71.7
508770,1,71.4
508771,1,33.8
508772,4,347.6
508773,2,93.9
508774,1,25.1
508775,2,243.3
508776,7,255.5
508777,1,56.7
508778,6,166.7
508779,2,15.0
508780,4,243.2
508781,7,107.8
508782,3,101.2
508783,2,66.7
508784,16,557.6
508785,4,313.7
508786,9,230.1
508787,5,87.6
508788,5,172.5
508789,3,80.1
508790,3,41.4
508791,1,26.4
508792,9,489.3
508793,5,253.2
508794,5,466.9
508795,6,395.2
508796,3,155.3
508797,5,155.5
508798,3,58.4
508799,4,162.4
508800,5,241.2
508801,4,179.2
508802,3,84.3
508803,16,717.5
508804,2,57.6
508805,6,48.0
508806,1,34.5
508807,8,228.9
508808,12,628.9
508809,25,388.8
508810,1,25.1
508811,2,92.8
508812,7,106.5
508813,12,288.2
508814,1,46.6
508815,2,80.0
508816,8,512.0
508817,3,66.7
508818,17,522.3
508819,6,138.1
508820,6,125.6
508821,12,390.0
508822,8,286.1
508823,3,63.5
508824,3,44.8
508825,8,153.0
508826,1,51.6
508827,2,37.8
508828,2,29.0
508829,14,1156.9
508830,4,98.6
508831,5,278.2
508832,4,174.3
508833,1,87.3
508834,6,228.0
508835,3,65.1
508836,11,218.2
508837,5,108.7
508838,7,858.8
508839,9,180.4
508840,2,112.8
508841,10,201.8
508842,3,127.4
508843,4,169.7
508844,13,639.1
508845,3,166.3
508846,1,27.2
508847,4,158.2
508848,6,171.1
508849,2,43.8
508850,3,64.7
508851,6,157.0
508852,5,92.1
508853,5,526.5
508854,4,72.1
508855,4,146.7
508856,6,99.5
508857,15,281.7
508858,4,124.2
508859,2,107.2
508860,4,159.1
508861,8,227.8
508862,3,100.5
508863,7,546.5
508864,3,139.1
508865,12,334.7
508866,6,84.1
508867,10,259.3
508868,13,712.4
508869,4,40.0
508870,5,155.6
508871,7,167.7
508872,1,28.7
508873,6,322.7
508874,2,66.0
508875,7,222.4
508876,7,457.1
508877,7,1237.0
508878,5,251.8
508879,15,711.0
508880,7,218.3
508881,13,660.0
508882,4,326.8
508883,19,721.4
508884,6,191.0
508885,3,74.3
508886,2,38.0
508887,12,394.6
508888,15,295.3
508889,4,137.5
508890,1,42.0
508891,4,146.8
508892,2,42.5
508893,1,20.3
508894,7,447.6
508895,8,122.7
508896,1,38.0
508897,1,83.2
508898,4,120.1
508899,6,306.4
508900,8,392.5
508901,2,33.7
508902,2,141.5
508903,10,258.8
508904,2,53.2
508905,3,145.1
508906,6,186.2
508907,8,468.5
508908,9,429.5
508909,9,747.0
508910,11,847.5
508911,6,281.5
508912,1,33.8
508913,5,97.1
508914,3,98.8
508915,7,226.5
508916,5,107.4
508917,2,60.0
508918,3,87.4
508919,3,206.1
508920,13,231.6
508921,3,48.3
508922,6,199.2
508923,1,79.9
508924,5,188.7
508925,5,195.4
508926,8,363.5
508927,3,150.8
508928,9,244.8
508929,2,89.6
508930,2,77.2
508931,3,47.4
508932,1,27.4
508933,8,191.6
508934,1,31.2
508935,3,179.9
508936,18,998.1
508937,1,43.7
508938,10,361.6
508939,9,1085.0
508940,3,61.6
508941,6,138.5
508942,2,66.1
508943,9,412.7
508944,3,171.8
508945,3,62.3
508946,9,249.8
508947,4,149.6
508948,3,68.8
508949,3,127.6
508950,9,394.3
508951,2,25.6
508952,1,63.0
508953,7,394.1
508954,11,280.3
508955,3,162.9
508956,4,346.8
508957,5,170.0
508958,2,39.2
508959,4,165.0
508960,15,171.7
508961,3,93.3
508962,2,83.3
508963,1,53.4
508964,5,154.0
508965,4,108.8
508966,2,43.3
508967,1,42.3
508968,2,46.8
508969,5,76.8
508970,4,155.4
508971,3,139.0
508972,1,25.8
508973,1,46.1
508974,2,79.8
508975,1,22.8
508976,2,68.4
508977,7,283.3
508978,4,139.5
508979,4,78.3
508980,1,15.2
508981,2,80.2
508982,6,153.3
508983,9,282.4
508984,9,137.2
508985,3,142.1
508986,4,160.4
508987,6,104.1
508988,4,193.3
508989,9,298.0
508990,3,199.1
508991,4,98.3
508992,8,221.2
508993,6,314.5
508994,10,365.7
508995,7,205.7
508996,11,274.9
508997,2,20.7
508998,2,107.8
508999,8,437.0
509000,10,767.1
509001,11,788.8
509002,6,135.7
509003,9,418.3
509004,3,67.8
509005,2,46.9
509006,1,51.7
509007,1,46.9
509008,12,646.9
509009,1,56.3
509010,2,71.6
509011,8,340.2
509012,4,202.1
509013,2,32.4
509014,3,96.9
509015,16,894.0
509016,3,145.4
509017,2,28.4
509018,5,156.8
509019,4,378.5
509020,4,110.7
509021,2,85.8
509022,10,96.2
509023,1,110.9
509024,4,344.1
509025,13,793.2
509026,2,43.6
509027,5,328.3
509028,5,93.5
509029,3,186.3
509030,7,158.8
509031,4,202.8
509032,1,59.7
509033,7,462.2
509034,1,57.3
509035,7,451.9
509036,11,1453.5
509037,5,477.4
509038,6,373.6
509039,8,271.6
509040,1,68.6
509041,4,199.0
509042,1,43.6
509043,4,123.6
509044,4,63.2
509045,7,340.3
509046,4,139.8
509047,2,170.9
509048,4,429.7
509049,3,282.7
509050,3,175.3
509051,3,106.5
509052,4,158.6
509053,2,54.9
509054,5,160.7
509055,25,1225.0
509056,5,72.7
509057,4,76.2
509058,16,506.8
509059,5,265.0
509060,3,135.2
509061,2,109.2
509062,6,176.9
509063,4,75.1
509064,2,71.4
509065,7,241.3
509066,3,133.1
509067,3,176.8
509068,5,225.0
509069,13,249.6
509070,5,138.5
509071,2,113.5
509072,2,55.7
509073,5,142.4
509074,5,183.3
509075,6,156.2
509076,2,126.0
509077,7,373.2
509078,5,678.2
509079,15,658.4
509080,4,121.9
509081,9,208.9
509082,3,123.5
509083,5,167.0
509084,4,61.4
509085,1,66.3
509086,3,93.2
509087,6,273.3
509088,3,156.2
509089,4,182.4
509090,5,59.6
509091,14,286.0
509092,5,324.7
509093,2,62.5
509094,10,318.8
509095,3,141.6
509096,7,168.6
509097,8,298.1
509098,6,126.0
509099,5,87.8
509100,3,77.9
509101,5,197.2
509102,1,25.1
509103,6,305.8
509104,3,174.0
509105,11,275.1
509106,8,110.6
509107,6,297.5
509108,3,412.9
509109,5,111.6
509110,1,25.1
509111,1,12.9
509112,6,356.4
509113,5,128.6
509114,8,285.1
509115,4,213.2
509116,2,140.2
509117,3,182.9
509118,10,155.9
509119,10,312.8
509120,6,264.4
509121,3,61.4
509122,4,145.7
509123,6,208.0
509124,4,115.4
509125,2,120.7
509126,1,33.7
509127,2,37.5
509128,8,311.6
509129,5,169.0
509130,10,932.8
509131,7,175.3
509132,5,167.4
509133,2,30.7
509134,6,275.0
509135,1,34.6
509136,2,103.4
509137,7,205.3
509138,2,45.8
509139,14,1224.6
509140,6,376.8
509141,2,95.6
509142,18,731.6
509143,18,887.1
509144,2,102.8
509145,1,24.8
509146,5,144.5
509147,11,609.2
509148,1,95.8
509149,2,84.7
509150,4,29.5
509151,4,130.2
509152,4,447.4
509153,1,32.4
509154,7,178.6
509155,5,189.7
509156,8,175.2
509157,4,95.2
509158,6,78.8
509159,2,26.8
509160,4,167.0
509161,1,24.6
509162,3,194.2
509163,13,651.4
509164,1,26.8
509165,3,68.4
509166,4,281.9
509167,2,141.1
509168,2,101.4
509169,2,49.1
509170,3,70.0
509171,2,85.5
509172,2,41.5
509173,6,467.4
509174,1,26.3
509175,5,150.3
509176,5,266.7
509177,2,68.6
509178,2,46.8
509179,12,436.9
509180,4,83.5
509181,6,376.7
509182,2,67.0
509183,1,35.0
509184,7,146.0
509185,2,120.8
509186,2,125.2
509187,8,126.5
509188,1,47.7
509189,2,48.1
509190,9,181.5
509191,7,227.3
509192,3,112.3
509193,14,445.9
509194,8,313.5
509195,6,248.9
509196,2,140.3
509197,3,394.4
509198,3,73.8
509199,1,31.7
509200,4,224.8
509201,8,310.5
509202,1,71.5
509203,5,136.7
509204,5,444.4
509205,6,187.2
509206,6,308.1
509207,1,53.4
509208,5,79.9
509209,20,1130.3
509210,1,19.0
509211,8,176.7
509212,7,222.7
509213,4,76.3
509214,6,319.5
509215,9,226.5
509216,2,61.8
509217,3,194.7
509218,6,249.5
509219,2,74.5
509220,4,55.5
509221,7,96.1
509222,5,153.7
509223,4,481.9
509224,4,347.6
509225,7,482.7
509226,13,421.1
509227,23,970.9
509228,5,107.0
509229,6,210.3
509230,3,38.3
509231,5,143.0
509232,4,170.4
509233,3,90.4
509234,7,388.0
509235,9,510.7
509236,5,114.5
509237,5,383.3
509238,9,296.2
509239,5,304.2
509240,4,74.1
509241,6,382.0
509242,2,63.6
509243,7,238.2
509244,5,75.3
509245,1,42.1
509246,9,466.5
509247,1,39.6
509248,11,458.0
509249,3,79.4
509250,6,161.2
509251,4,146.2
509252,4,62.4
509253,3,154.2
509254,5,255.2
509255,4,264.6
509256,1,33.6
509257,2,91.2
509258,2,37.4
509259,6,132.9
509260,2,78.5
509261,4,153.7
509262,5,121.0
509263,7,259.3
509264,2,81.3
509265,2,48.5
509266,7,436.1
509267,3,121.7
509268,4,167.1
509269,5,324.2
509270,3,56.7
509271,10,363.6
509272,7,174.9
509273,14,295.9
509274,10,468.4
509275,2,62.4
509276,2,25.8
509277,10,217.2
509278,4,176.7
509279,5,252.5
509280,1,33.9
509281,2,92.6
509282,6,395.0
509283,7,290.7
509284,1,49.0
509285,10,291.1
509286,8,432.2
509287,5,268.8
509288,5,394.3
509289,15,627.6
509290,4,129.7
509291,1,30.4
509292,6,302.0
509293,10,373.3
509294,3,103.7
509295,2,32.6
509296,8,260.2
509297,2,74.3
509298,2,39.2
509299,2,74.4
509300,7,578.0
509301,7,340.8
509302,24,746.3
509303,1,34.3
509304,4,164.3
509305,6,250.8
509306,12,550.0
509307,7,152.2
509308,4,304.7
509309,6,195.9
509310,2,297.9
509311,4,120.6
509312,8,129.6
509313,2,92.5
509314,7,258.2
509315,10,196.6
509316,5,254.7
509317,3,54.0
509318,6,406.6
509319,2,36.1
509320,10,246.8
509321,4,231.7
509322,12,555.8
509323,8,234.7
509324,8,368.0
509325,10,698.4
509326,4,209.3
509327,7,492.4
509328,7,192.4
509329,2,61.5
509330,2,46.1
509331,2,137.3
509332,6,253.8
509333,5,101.2
509334,9,198.8
509335,8,518.4
509336,1,106.7
509337,5,188.4
509338,1,41.9
509339,3,146.8
509340,4,90.7
509341,9,640.5
509342,2,118.7
509343,3,86.1
509344,2,42.1
509345,13,189.2
509346,4,71.5
509347,4,86.1
509348,11,295.4
509349,6,631.9
509350,3,83.9
509351,6,126.7
509352,3,140.6
509353,10,177.7
509354,5,197.4
509355,10,243.6
509356,1,55.3
509357,3,73.4
509358,4,201.6
509359,4,79.4
509360,7,201.0
509361,2,105.3
509362,6,318.9
509363,4,261.2
509364,12,405.5
509365,3,98.4
509366,2,64.9
509367,2,80.0
509368,5,253.5
509369,3,70.6
509370,3,61.4
509371,3,56.6
509372,10,505.6
509373,4,99.3
509374,4,88.0
509375,3,233.4
509376,2,28.2
509377,4,91.7
509378,7,441.2
509379,6,233.0
509380,2,201.5
509381,1,65.5
509382,4,95.9
509383,2,93.3
509384,8,192.9
509385,5,162.2
509386,5,147.9
509387,4,89.9
509388,11,1087.6
509389,5,84.5
509390,2,23.9
509391,9,327.4
509392,1,39.6
509393,5,369.5
509394,6,132.7
509395,2,86.5
509396,1,49.5
509397,3,168.2
509398,2,28.6
509399,2,75.6
509400,3,168.3
509401,6,178.6
509402,1,14.4
509403,3,56.6
509404,2,49.0
509405,1,31.4
509406,3,49.9
509407,3,188.7
509408,6,279.5
509409,2,55.1
509410,2,43.5
509411,4,89.3
509412,2,129.4
509413,7,134.8
509414,7,176.9
509415,2,72.7
509416,1,25.8
509417,4,377.5
509418,1,27.1
509419,7,438.3
509420,3,192.3
509421,5,67.2
509422,3,110.6
509423,4,94.3
509424,8,347.8
509425,1,35.1
509426,2,83.5
509427,6,511.4
509428,11,1355.4
509429,6,126.4
509430,4,70.5
509431,12,250.5
509432,3,178.4
509433,1,58.0
509434,12,521.4
509435,3,64.9
509436,3,89.4
509437,3,96.2
509438,2,61.8
509439,1,36.6
509440,4,142.3
509441,1,75.5
509442,2,42.3
509443,3,74.1
509444,5,239.0
509445,2,116.8
509446,4,77.8
509447,5,114.9
509448,8,203.9
509449,6,291.1
509450,3,83.2
509451,2,89.8
509452,3,156.2
509453,3,59.2
509454,2,145.3
509455,2,90.9
509456,1,13.6
509457,3,108.6
509458,7,190.5
509459,11,474.0
509460,10,304.5
509461,4,106.2
509462,8,545.0
509463,7,332.3
509464,5,95.2
509465,2,239.5
509466,7,362.0
509467,2,47.0
509468,11,278.7
509469,1,42.9
509470,2,80.9
509471,2,78.5
509472,5,188.3
509473,5,182.3
509474,1,29.4
509475,2,68.9
509476,3,158.3
509477,1,31.6
509478,4,227.7
509479,9,606.4
509480,7,146.6
509481,10,305.6
509482,3,119.1
509483,4,107.8
509484,9,180.0
509485,1,54.4
509486,3,520.2
509487,5,202.1
509488,6,565.4
509489,2,134.2
509490,14,711.7
509491,2,81.3
509492,4,202.3
509493,2,140.7
509494,1,26.3
509495,6,244.7
509496,7,892.8
509497,3,73.0
509498,3,299.3
509499,3,156.1
509500,1,20.9
509501,8,211.6
509502,7,225.2
509503,9,475.2
509504,2,84.1
509505,6,177.4
509506,5,154.4
509507,5,172.9
509508,4,104.5
509509,7,478.8
509510,15,636.5
509511,8,525.8
509512,1,25.8
509513,10,423.5
509514,4,151.5
509515,4,82.5
509516,2,162.7
509517,4,118.2
509518,2,42.1
509519,4,43.0
509520,3,74.1
509521,2,39.2
509522,3,130.4
509523,2,71.2
509524,6,301.2
509525,8,438.5
509526,7,173.4
509527,9,510.1
509528,2,60.5
509529,3,196.5
509530,2,22.9
509531,1,20.6
509532,1,32.6
509533,22,859.9
509534,6,97.9
509535,1,105.5
509536,2,108.6
509537,2,142.0
509538,5,284.2
509539,2,94.3
509540,10,147.7
509541,7,182.6
509542,3,76.7
509543,3,102.8
509544,5,230.8
509545,4,84.9
509546,2,62.3
509547,6,321.3
509548,1,27.9
509549,1,50.5
509550,7,265.2
509551,7,358.1
509552,1,49.5
509553,11,298.2
509554,1,17.5
509555,7,333.4
509556,10,147.9
509557,3,122.8
509558,7,207.1
509559,5,203.1
509560,2,71.5
509561,6,178.7
509562,6,224.0
509563,10,361.7
509564,19,634.3
509565,5,73.3
509566,3,165.3
509567,3,150.5
509568,4,101.9
509569,5,239.9
509570,5,232.9
509571,6,316.6
509572,2,93.8
509573,10,169.2
509574,4,127.3
509575,3,148.9
509576,3,115.8
509577,16,556.8
509578,3,154.3
509579,2,94.1
509580,3,140.6
509581,1,19.6
509582,7,372.8
509583,8,156.9
509584,2,59.0
509585,8,1187.2
509586,7,224.0
509587,1,50.7
509588,5,104.5
509589,1,78.6
509590,4,94.0
509591,1,12.6
509592,10,430.8
509593,8,501.9
509594,10,270.1
509595,3,144.2
509596,1,22.1
509597,2,88.2
509598,2,85.8
509599,1,47.8
509600,9,281.5
509601,7,282.7
509602,12,515.4
509603,6,62.6
509604,1,94.3
509605,4,520.3
509606,7,139.9
509607,3,251.3
509608,6,302.5
509609,1,51.8
509610,1,27.3
509611,1,25.6
509612,2,54.6
509613,3,58.7
509614,1,21.6
509615,1,39.3
509616,2,143.9
509617,7,498.4
509618,1,26.3
509619,8,751.7
509620,8,137.2
509621,4,61.9
509622,3,36.6
509623,6,110.6
509624,1,86.1
509625,1,29.8
509626,6,262.3
509627,3,53.3
509628,9,199.7
509629,6,102.3
509630,1,15.8
509631,4,119.9
509632,5,304.6
509633,7,173.3
509634,3,31.8
509635,6,473.0
509636,7,347.0
509637,4,98.2
509638,3,51.7
509639,2,93.3
509640,4,74.9
509641,10,133.1
509642,4,477.1
509643,4,82.5
509644,2,78.5
509645,14,300.5
509646,2,82.5
509647,3,67.4
509648,2,74.5
509649,5,113.5
509650,2,49.3
509651,5,143.2
509652,2,37.5
509653,3,65.5
509654,18,365.8
509655,7,123.2
509656,6,250.3
509657,1,41.8
509658,2,32.5
509659,8,745.8
509660,2,42.2
509661,2,113.4
509662,4,40.9
509663,1,44.3
509664,1,15.1
509665,1,26.7
509666,2,58.5
509667,10,261.7
509668,2,73.7
509669,6,248.7
509670,5,138.3
509671,3,89.9
509672,3,158.3
509673,4,212.0
509674,6,122.7
509675,11,779.3
509676,15,386.1
509677,3,65.1
509678,2,96.0
509679,2,102.5
509680,3,28.9
509681,3,41.6
509682,4,116.5
509683,3,94.6
509684,4,138.9
509685,2,53.4
509686,1,51.0
509687,2,96.6
509688,14,204.4
509689,14,247.8
509690,1,69.8
509691,8,240.2
509692,10,344.1
509693,1,103.3
509694,2,79.8
509695,7,226.4
509696,7,144.7
509697,8,497.3
509698,5,167.5
509699,1,44.4
509700,2,198.1
509701,5,229.7
509702,2,74.3
509703,4,214.9
509704,5,204.1
509705,2,103.1
509706,10,121.2
509707,9,406.9
509708,1,35.4
509709,4,99.4
509710,9,342.1
509711,12,291.3
509712,6,267.5
509713,10,223.4
509714,4,98.5
509715,15,473.8
509716,4,438.6
509717,2,46.7
509718,4,166.2
509719,2,77.9
509720,1,155.6
509721,2,97.4
509722,14,424.0
509723,3,102.0
509724,10,236.3
509725,14,1111.9
509726,3,37.2
509727,7,154.8
509728,7,329.2
509729,5,355.1
509730,2,52.2
509731,2,57.3
509732,4,152.7
509733,25,701.6
509734,7,753.5
509735,5,219.2
509736,1,30.5
509737,4,199.4
509738,1,69.3
509739,2,41.3
509740,4,127.8
509741,1,41.3
509742,4,73.2
509743,3,66.2
509744,6,205.5
509745,11,275.0
509746,4,377.0
509747,9,223.7
509748,3,130.4
509749,9,424.0
509750,7,276.6
509751,8,148.5
509752,8,384.0
509753,11,1077.1
509754,2,105.8
509755,9,224.8
509756,12,560.3
509757,1,24.4
509758,2,61.2
509759,13,405.1
509760,5,212.1
509761,20,864.9
509762,6,121.9
509763,9,583.7
509764,6,166.2
509765,3,87.2
509766,10,563.3
509767,4,304.6
509768,7,400.1
509769,5,262.7
509770,2,59.0
509771,4,119.0
509772,2,40.4
509773,1,38.7
509774,1,42.3
509775,3,58.5
509776,5,132.2
509777,1,69.6
509778,2,44.7
509779,5,178.4
509780,6,159.6
509781,2,74.3
509782,2,77.9
509783,6,206.4
509784,6,161.8
509785,1,22.1
509786,4,123.5
509787,6,141.2
509788,5,54.9
509789,2,70.0
509790,1,24.2
509791,1,57.3
509792,6,441.7
509793,9,287.6
509794,13,329.2
509795,3,98.0
509796,3,107.9
509797,5,84.3
509798,1,42.7
509799,9,391.1
509800,3,278.0
509801,2,22.5
509802,5,125.1
509803,10,557.0
509804,1,63.2
509805,3,107.3
509806,2,150.9
509807,4,125.9
509808,6,189.9
509809,3,87.1
509810,11,364.1
509811,7,269.1
509812,15,280.5
509813,2,53.9
509814,8,177.1
509815,1,52.2
509816,16,627.9
509817,4,183.2
509818,5,191.1
509819,2,83.5
509820,9,273.5
509821,5,236.6
509822,12,316.0
509823,9,385.7
509824,3,214.3
509825,5,270.6
509826,5,407.9
509827,1,22.4
509828,7,81.5
509829,3,185.2
509830,4,58.3
509831,1,79.6
509832,5,160.6
509833,3,105.4
509834,2,79.0
509835,3,115.6
509836,15,931.0
509837,10,444.3
509838,11,1241.2
509839,1,104.1
509840,1,29.2
509841,6,136.6
509842,4,215.6
509843,6,232.7
509844,13,214.6
509845,18,799.3
509846,7,167.0
509847,3,54.1
509848,2,73.3
509849,8,280.8
509850,3,91.2
509851,6,201.8
509852,5,310.7
509853,2,69.5
509854,10,318.4
509855,3,97.0
509856,1,44.9
509857,7,362.6
509858,8,367.5
509859,8,733.0
509860,9,340.6
509861,2,68.5
509862,8,84.1
509863,1,23.5
509864,8,152.4
509865,2,110.7
509866,4,96.4
509867,1,22.3
509868,9,569.7
509869,5,64.5
509870,1,17.8
509871,14,342.0
509872,10,288.0
509873,4,114.8
509874,5,256.8
509875,2,109.5
509876,6,285.0
509877,15,1243.4
509878,2,77.7
509879,5,459.0
509880,2,120.8
509881,5,161.4
509882,12,218.1
509883,1,37.7
509884,4,114.0
509885,7,339.7
509886,5,140.6
509887,6,487.3
509888,6,88.6
509889,1,53.4
509890,6,153.9
509891,2,92.0
509892,2,225.8
509893,2,46.4
509894,3,144.0
509895,3,580.1
509896,5,118.1
509897,4,93.4
509898,7,268.0
509899,2,46.9
509900,8,259.5
509901,1,54.2
509902,5,115.2
509903,2,37.1
509904,7,534.4
509905,4,327.3
509906,3,68.6
509907,8,607.2
509908,3,194.2
509909,4,195.8
509910,1,41.2
509911,10,550.1
509912,1,54.4
509913,7,103.7
509914,10,351.1
509915,4,138.0
509916,4,85.5
509917,1,42.9
509918,5,205.5
509919,8,263.0
509920,6,244.2
509921,4,90.4
509922,7,254.0
509923,3,227.0
509924,2,71.2
509925,2,50.8
509926,4,72.0
509927,5,241.2
509928,4,172.5
509929,2,73.6
509930,1,42.7
509931,25,782.3
509932,1,72.7
509933,1,53.1
509934,4,387.6
509935,6,188.8
509936,8,157.2
509937,1,45.4
509938,2,50.1
509939,4,115.1
509940,5,196.7
509941,3,76.9
509942,4,42.5
509943,1,52.5
509944,7,106.7
509945,4,82.8
509946,4,179.5
509947,10,463.0
509948,1,52.7
509949,4,174.2
509950,4,158.1
509951,12,410.3
509952,2,46.7
509953,4,72.6
509954,5,814.2
509955,4,137.5
509956,2,113.1
509957,2,58.9
509958,6,207.0
509959,2,59.0
509960,12,388.1
509961,5,350.8
509962,4,265.5
509963,5,199.9
509964,7,179.4
509965,9,237.5
509966,4,88.7
509967,5,179.8
509968,1,38.5
509969,9,608.8
509970,11,538.6
509971,21,194.1
509972,1,16.2
509973,1,35.7
509974,2,49.9
509975,17,808.1
509976,10,458.8
509977,1,44.6
509978,1,36.3
509979,4,249.5
509980,4,272.6
509981,8,326.8
509982,4,221.4
509983,4,92.1
509984,7,267.6
509985,4,239.0
509986,2,79.5
509987,1,32.7
509988,9,502.2
509989,3,108.5
509990,8,541.9
509991,4,180.4
509992,8,428.8
509993,3,202.8
509994,2,115.2
509995,2,121.3
509996,1,66.0
509997,4,141.4
509998,6,114.1
509999,16,554.1
510000,12,1460.2
510001,4,114.4
510002,2,17.6
510003,5,617.1
510004,2,121.5
510005,2,54.5
510006,5,102.4
510007,2,54.1
510008,5,213.8
510009,1,58.6
510010,4,222.9
510011,1,19.1
510012,6,168.6
510013,2,40.9
510014,9,472.4
510015,1,38.0
510016,7,68.1
510017,4,151.7
510018,2,18.3
510019,2,41.8
510020,3,134.9
510021,11,329.0
510022,1,23.2
510023,2,126.5
510024,1,70.6
510025,14,401.2
510026,4,105.1
510027,7,369.6
510028,2,63.9
510029,3,152.3
510030,7,580.1
510031,5,98.0
510032,1,60.3
510033,9,377.1
510034,4,139.9
510035,18,203.6
510036,1,41.1
510037,1,11.1
510038,6,281.5
510039,2,96.5
510040,3,117.7
510041,8,470.6
510042,3,77.8
510043,8,432.0
510044,1,38.8
510045,15,622.2
510046,4,134.2
510047,1,40.5
510048,3,99.6
510049,1,24.6
510050,10,227.5
510051,1,64.0
510052,3,136.9
510053,3,129.0
510054,13,490.2
510055,1,38.9
510056,10,189.9
510057,7,325.4
510058,2,70.8
510059,4,213.7
510060,3,203.9
510061,1,28.9
510062,3,107.7
510063,5,294.8
510064,5,74.1
510065,2,30.0
510066,9,247.3
510067,7,313.7
510068,7,364.5
510069,9,112.4
510070,3,91.7
510071,3,82.4
510072,6,132.5
510073,3,56.5
510074,2,65.1
510075,7,386.9
510076,7,158.8
510077,10,310.9
510078,4,94.4
510079,3,234.5
510080,2,61.1
510081,11,1203.1
510082,8,179.7
510083,3,135.3
510084,7,361.3
510085,3,171.6
510086,3,146.8
510087,3,78.8
510088,22,487.5
510089,14,373.7
510090,4,233.9
510091,2,29.8
510092,4,324.4
510093,7,339.8
510094,2,55.1
510095,11,814.2
510096,2,112.5
510097,4,218.8
510098,3,203.0
510099,14,188.3
510100,5,153.6
510101,4,123.3
510102,3,146.3
510103,1,36.3
510104,2,77.4
510105,1,32.4
510106,1,51.0
510107,2,281.4
510108,15,453.7
510109,3,61.4
510110,17,711.0
510111,11,720.6
510112,4,278.4
510113,4,192.3
510114,7,362.5
510115,1,85.6
510116,5,175.2
510117,3,95.1
510118,1,55.2
510119,8,201.4
510120,3,89.7
510121,1,77.1
510122,16,383.2
510123,10,199.1
510124,8,268.3
510125,21,767.6
510126,11,759.4
510127,1,34.6
510128,9,219.2
510129,2,38.8
510130,8,185.0
510131,2,78.5
510132,4,86.2
510133,1,20.2
510134,1,59.6
510135,9,279.6
510136,5,278.8
510137,4,72.4
510138,6,631.0
510139,2,82.8
510140,3,62.1
510141,1,17.2
510142,18,446.0
510143,4,192.8
510144,8,250.9
510145,4,184.4
510146,13,905.0
510147,2,69.2
510148,9,157.1
510149,12,971.0
510150,11,196.5
510151,1,23.7
510152,2,64.9
510153,7,384.0
510154,1,28.1
510155,1,19.0
510156,5,106.3
510157,2,88.1
510158,4,105.0
510159,1,73.9
510160,11,571.8
510161,5,190.8
510162,4,118.7
510163,10,414.0
510164,2,75.7
510165,6,288.7
510166,8,377.3
510167,10,282.6
510168,4,121.1
510169,7,168.0
510170,12,269.7
510171,6,376.1
510172,9,238.9
510173,5,62.2
510174,7,164.8
510175,1,40.2
510176,2,68.1
510177,2,62.3
510178,7,382.1
510179,4,156.1
510180,6,407.6
510181,5,172.2
510182,3,99.4
510183,8,130.2
510184,1,9.1
510185,9,483.9
510186,2,51.8
510187,2,77.7
510188,8,581.8
510189,10,641.3
510190,2,53.6
510191,18,523.2
510192,6,274.0
510193,8,522.8
510194,2,37.8
510195,4,54.0
510196,7,330.8
510197,13,433.9
510198,5,149.9
510199,1,36.2
510200,2,50.0
510201,5,137.3
510202,10,490.1
510203,1,150.1
510204,4,120.8
510205,1,35.5
510206,3,153.4
510207,3,122.6
510208,1,38.6
510209,8,170.3
510210,4,54.8
510211,8,294.8
510212,2,53.6
510213,2,47.6
510214,14,802.9
510215,4,139.6
510216,12,550.1
510217,3,66.0
510218,12,512.7
510219,7,90.7
510220,5,211.3
510221,3,139.8
510222,10,178.2
510223,3,69.8
510224,11,238.6
510225,4,221.1
510226,1,77.9
510227,9,450.5
510228,5,70.1
510229,8,431.0
510230,2,105.1
510231,8,466.0
510232,1,18.5
510233,1,54.1
510234,5,116.6
510235,11,319.0
510236,7,280.6
510237,8,319.7
510238,9,179.4
510239,13,710.2
510240,3,254.4
510241,8,396.0
510242,5,331.6
510243,6,308.7
510244,4,180.5
510245,3,79.8
510246,4,110.7
510247,1,26.0
510248,7,306.6
510249,2,47.1
510250,8,729.0
510251,3,87.0
510252,14,435.1
510253,1,47.7
510254,4,65.9
510255,7,204.7
510256,3,112.5
510257,2,28.0
510258,2,74.8
510259,5,148.7
510260,1,57.8
510261,3,135.7
510262,2,301.7
510263,2,56.9
510264,11,224.8
510265,17,3169.0
510266,2,71.5
510267,14,219.4
510268,3,65.1
510269,4,151.1
510270,17,316.0
510271,1,24.7
510272,2,24.2
510273,2,49.4
510274,2,80.1
510275,3,58.9
510276,4,112.3
510277,1,40.6
510278,3,193.9
510279,4,223.6
510280,3,118.6
510281,2,55.8
510282,4,189.3
510283,4,114.4
510284,2,40.4
510285,4,119.0
510286,2,36.2
510287,7,192.8
510288,3,112.0
510289,9,133.8
510290,11,355.2
510291,5,258.6
510292,4,259.4
510293,2,34.3
510294,5,143.4
510295,11,265.1
510296,8,120.7
510297,2,23.6
510298,5,278.6
510299,2,77.3
510300,5,172.3
510301,3,149.3
510302,6,168.3
510303,8,193.4
510304,2,76.5
510305,3,200.4
510306,3,113.5
510307,3,61.2
510308,4,167.4
510309,2,102.9
510310,3,101.7
510311,1,41.6
510312,2,73.7
510313,16,551.2
510314,2,115.3
510315,7,275.8
510316,5,472.8
510317,15,479.0
510318,5,315.6
510319,14,486.8
510320,2,105.0
510321,3,95.8
510322,4,116.5
510323,5,128.7
510324,4,225.4
510325,2,219.0
510326,4,326.3
510327,8,222.4
510328,5,480.6
510329,1,31.5
510330,3,130.2
510331,3,107.1
510332,17,837.6
510333,7,211.3
510334,3,113.9
510335,6,288.5
510336,2,66.6
510337,1,43.1
510338,8,125.9
510339,3,166.6
510340,1,16.5
510341,4,90.5
510342,2,47.3
510343,5,105.8
510344,1,36.3
510345,1,34.4
510346,9,460.7
510347,9,257.3
510348,1,41.5
510349,1,23.3
510350,5,206.0
510351,5,202.6
510352,3,103.7
510353,17,997.6
510354,4,150.1
510355,1,52.1
510356,1,53.3
510357,6,272.2
510358,11,436.3
510359,5,115.3
510360,9,339.5
510361,7,434.5
510362,4,137.8
510363,13,655.7
510364,2,92.5
510365,4,119.4
510366,1,17.9
510367,4,87.5
510368,1,42.0
510369,2,83.5
510370,1,22.1
510371,2,56.9
510372,11,269.9
510373,3,66.7
510374,17,1431.6
510375,6,388.5
510376,1,23.9
510377,13,744.5
510378,1,165.9
510379,4,73.9
510380,3,81.4
510381,5,439.1
510382,8,226.7
510383,3,131.6
510384,6,257.2
510385,4,141.5
510386,5,272.5
510387,5,301.7
510388,1,23.9
510389,12,808.1
510390,14,971.3
510391,6,366.4
510392,3,154.2
510393,2,294.1
510394,10,261.6
510395,2,103.7
510396,12,814.9
510397,8,270.5
510398,2,182.7
510399,2,52.6
510400,3,70.9
510401,6,150.6
510402,3,40.7
510403,4,113.5
510404,4,188.0
510405,2,32.9
510406,5,92.1
510407,2,17.7
510408,1,26.6
510409,5,100.4
510410,7,367.2
510411,1,44.5
510412,2,306.3
510413,1,24.6
510414,10,799.7
510415,6,204.8
510416,2,64.4
510417,8,288.5
510418,3,88.9
510419,12,400.6
510420,5,137.0
510421,10,1168.7
510422,3,193.7
510423,9,140.3
510424,1,44.3
510425,7,176.3
510426,1,88.7
510427,2,78.3
510428,3,67.2
510429,1,27.8
510430,16,636.4
510431,5,168.0
510432,4,425.0
510433,10,394.5
510434,14,1306.3
510435,6,147.0
510436,1,29.6
510437,7,180.0
510438,5,104.2
510439,16,457.1
510440,2,124.2
510441,6,186.5
510442,1,39.8
510443,1,24.1
510444,2,87.6
510445,11,148.8
510446,7,310.8
510447,2,58.8
510448,7,460.2
510449,5,273.8
510450,11,637.4
510451,10,265.9
510452,8,270.7
510453,6,679.7
510454,1,24.9
510455,3,67.8
510456,10,329.0
510457,7,252.4
510458,1,52.7
510459,4,124.6
510460,3,105.6
510461,5,106.2
510462,8,640.9
510463,5,373.0
510464,6,193.9
510465,2,198.8
510466,3,105.6
510467,4,102.7
510468,7,448.1
510469,3,95.5
510470,12,1097.0
510471,7,120.0
510472,4,197.1
510473,2,186.4
510474,9,168.8
510475,3,88.5
510476,8,296.0
510477,2,114.3
510478,3,113.8
510479,4,183.7
510480,6,649.0
510481,1,103.5
510482,1,24.6
510483,3,116.9
510484,3,90.2
510485,5,152.0
510486,3,85.8
510487,2,45.8
510488,3,44.9
510489,5,254.3
510490,2,49.3
510491,3,241.2
510492,2,132.5
510493,6,190.8
510494,11,632.4
510495,2,58.6
510496,5,224.5
510497,3,227.8
510498,5,132.1
510499,3,119.8
510500,7,291.4
510501,12,340.7
510502,5,213.0
510503,5,154.6
510504,1,47.3
510505,15,379.8
510506,1,29.2
510507,2,54.4
510508,7,143.7
510509,6,365.3
510510,1,81.0
510511,2,56.8
510512,2,147.1
510513,2,55.5
510514,5,95.1
510515,2,70.3
510516,7,267.3
510517,9,206.5
510518,14,658.7
510519,11,288.6
510520,4,143.6
510521,5,149.4
510522,2,27.8
510523,14,375.7
510524,8,412.5
510525,1,17.0
510526,3,62.6
510527,3,83.5
510528,10,225.1
510529,6,628.3
510530,9,299.5
510531,6,244.5
510532,10,458.3
510533,8,376.3
510534,10,262.6
510535,3,285.3
510536,3,43.8
510537,2,68.7
510538,4,92.1
510539,23,430.0
510540,1,32.7
510541,2,105.3
510542,25,725.1
510543,4,134.1
510544,7,167.5
510545,4,226.1
510546,2,62.9
510547,5,622.4
510548,3,164.3
510549,5,155.8
510550,13,287.1
510551,4,153.6
510552,7,226.7
510553,3,106.0
510554,12,195.0
510555,5,126.5
510556,6,276.3
510557,6,225.1
510558,6,177.0
510559,8,601.9
510560,4,208.6
510561,5,329.8
510562,3,51.9
510563,4,62.9
510564,7,121.8
510565,7,400.7
510566,2,74.0
510567,15,1540.3
510568,9,252.2
510569,5,140.0
510570,4,114.2
510571,1,35.6
510572,3,64.7
510573,7,229.4
510574,4,86.5
510575,1,67.5
510576,3,59.5
510577,1,83.9
510578,7,201.7
510579,5,45.1
510580,2,29.7
510581,1,44.0
510582,1,30.9
510583,2,101.3
510584,3,79.0
510585,3,125.3
510586,3,105.1
510587,5,243.5
510588,2,72.2
510589,7,235.1
510590,3,82.4
510591,3,217.3
510592,2,45.1
510593,3,97.1
510594,1,45.4
510595,13,441.3
510596,2,115.4
510597,1,57.5
510598,2,95.3
510599,2,55.0
510600,1,71.2
510601,13,603.7
510602,1,30.8
510603,5,63.6
510604,5,257.9
510605,1,28.3
510606,2,34.9
510607,3,49.3
510608,3,124.3
510609,2,51.9
510610,12,789.6
510611,1,33.6
510612,3,113.6
510613,1,41.0
510614,2,61.5
510615,1,53.1
510616,2,74.2
510617,2,45.8
510618,2,153.3
510619,4,166.4
510620,1,30.4
510621,7,186.4
510622,9,309.2
510623,2,65.4
510624,2,67.4
510625,2,56.4
510626,3,131.2
510627,4,205.6
510628,1,57.3
510629,5,169.1
510630,1,30.4
510631,2,83.3
510632,7,195.0
510633,4,32.8
510634,8,685.8
510635,4,102.3
510636,11,364.8
510637,5,360.5
510638,5,150.9
510639,4,206.2
510640,11,477.6
510641,4,180.0
510642,5,108.5
510643,1,55.5
510644,9,911.3
510645,18,423.8
510646,5,165.6
510647,10,491.5
510648,9,314.5
510649,2,109.6
510650,13,236.9
510651,9,250.7
510652,10,287.7
510653,10,529.8
510654,1,34.5
510655,2,70.9
510656,2,46.4
510657,1,44.1
510658,3,100.1
510659,9,238.7
510660,2,69.4
510661,1,34.5
510662,2,82.8
510663,9,254.2
510664,5,430.6
510665,10,203.8
510666,12,164.0
510667,5,185.3
510668,9,534.6
510669,4,188.3
510670,2,47.6
510671,2,48.5
510672,13,751.8
510673,3,258.6
510674,1,25.0
510675,2,77.2
510676,2,83.4
510677,2,56.9
510678,6,294.9
510679,9,298.8
510680,6,274.7
510681,10,193.0
510682,2,81.5
510683,2,116.4
510684,1,33.2
510685,1,63.7
510686,4,148.7
510687,9,543.5
510688,1,48.1
510689,11,495.3
510690,3,73.3
510691,8,808.3
510692,4,214.5
510693,8,424.4
510694,5,121.5
510695,3,115.0
510696,1,21.5
510697,7,116.6
510698,12,1199.9
510699,3,88.0
510700,4,164.8
510701,1,39.1
510702,2,84.0
510703,9,300.0
510704,7,185.6
510705,6,253.0
510706,2,145.4
510707,2,64.7
510708,4,244.7
510709,7,88.6
510710,1,51.0
510711,4,185.0
510712,6,190.4
510713,1,84.1
510714,4,82.4
510715,4,179.6
510716,1,57.4
510717,3,100.6
510718,3,33.8
510719,2,227.5
510720,23,283.2
510721,2,34.1
510722,3,172.2
510723,12,216.9
510724,12,617.1
510725,2,32.4
510726,22,834.4
510727,12,925.9
510728,4,52.0
510729,2,65.9
510730,11,183.0
510731,11,841.7
510732,14,335.1
510733,18,784.0
510734,4,164.3
510735,4,181.9
510736,3,67.2
510737,4,78.0
510738,3,192.4
510739,5,98.7
510740,16,703.8
510741,3,61.2
510742,6,232.9
510743,8,851.9
510744,2,38.8
510745,10,601.0
510746,3,124.0
510747,3,293.6
510748,8,344.6
510749,11,250.0
510750,1,63.8
510751,3,31.1
510752,4,180.3
510753,8,173.8
510754,1,39.3
510755,2,63.2
510756,2,50.1
510757,5,189.6
510758,1,32.5
510759,5,227.1
510760,1,25.4
510761,8,226.4
510762,7,481.0
510763,3,134.0
510764,3,165.8
510765,7,211.6
510766,2,76.7
510767,2,55.8
510768,1,60.2
510769,9,130.9
510770,2,84.0
510771,3,49.3
510772,3,119.6
510773,5,216.9
510774,7,339.9
510775,1,23.0
510776,3,172.6
510777,9,503.1
510778,4,139.2
510779,3,101.9
510780,3,69.1
510781,1,21.5
510782,3,140.6
510783,8,664.3
510784,3,61.1
510785,3,102.6
510786,11,559.2
510787,5,262.6
510788,1,54.2
510789,7,276.1
510790,8,262.2
510791,18,463.5
510792,2,98.0
510793,1,32.1
510794,3,41.1
510795,4,118.3
510796,8,284.2
510797,2,53.3
510798,4,309.0
510799,1,43.6
510800,2,72.0
510801,7,166.2
510802,3,68.3
510803,2,31.6
510804,1,25.0
510805,10,241.5
510806,2,64.7
510807,6,247.0
